{"Base": {"Occurrences": 7, "Overall Time": 2000.133, "Mean": 285.7332857142857, "Variance": 489853634.3582041, "Standard Deviation": 699.895445304657}, "Base,FeatureA": {"Occurrences": 2, "Overall Time": 1000.104, "Mean": 500.052, "Variance": 250052002.704, "Standard Deviation": 500.052}, "Base,FeatureB": {"Occurrences": 2, "Overall Time": 2000.109, "Mean": 1000.0545, "Variance": 1000107002.86225, "Standard Deviation": 1000.0535}, "Base,FeatureC": {"Occurrences": 2, "Overall Time": 1000.114, "Mean": 500.057, "Variance": 250056003.136, "Standard Deviation": 500.056}, "Base,FeatureD": {"Occurrences": 2, "Overall Time": 2000.122, "Mean": 1000.061, "Variance": 1000120003.6, "Standard Deviation": 1000.06}, "Base,FeatureA,FeatureB": {"Occurrences": 1, "Overall Time": 2000.111, "Mean": 2000.111, "Variance": 0.0, "Standard Deviation": 0.0}, "Base,FeatureC,FeatureD": {"Occurrences": 1, "Overall Time": 0.024, "Mean": 0.024, "Variance": 0.0, "Standard Deviation": 0.0}, "Overall time for all features": {"Time Taken": 10000.716999999999}}