{"Base": {"Occurrences": 7, "Overall Time": 2000.091, "Mean": 285.72728571428576, "Variance": 489834776.28277546, "Standard Deviation": 699.8819731088774}, "Base,FeatureA": {"Occurrences": 2, "Overall Time": 1000.097, "Mean": 500.0485, "Variance": 250047502.25625, "Standard Deviation": 500.0475}, "Base,FeatureB": {"Occurrences": 2, "Overall Time": 2000.1, "Mean": 1000.05, "Variance": 1000098002.401, "Standard Deviation": 1000.049}, "Base,FeatureC": {"Occurrences": 2, "Overall Time": 1000.091, "Mean": 500.0455, "Variance": 250045502.07025, "Standard Deviation": 500.0455}, "Base,FeatureD": {"Occurrences": 2, "Overall Time": 2000.121, "Mean": 1000.0605, "Variance": 1000121003.66025, "Standard Deviation": 1000.0605}, "Base,FeatureA,FeatureB": {"Occurrences": 1, "Overall Time": 2000.109, "Mean": 2000.109, "Variance": 0.0, "Standard Deviation": 0.0}, "Base,FeatureC,FeatureD": {"Occurrences": 1, "Overall Time": 0.02, "Mean": 0.02, "Variance": 0.0, "Standard Deviation": 0.0}, "Overall time for all features": {"Time Taken": 10000.629}}