{"Base": {"Occurrences": 7, "Overall Time": 2000.137, "Mean": 285.7338571428572, "Variance": 489857308.04812247, "Standard Deviation": 699.8980697559628}, "Base,FeatureA": {"Occurrences": 2, "Overall Time": 1000.103, "Mean": 500.0515, "Variance": 250050502.55025, "Standard Deviation": 500.0505}, "Base,FeatureB": {"Occurrences": 2, "Overall Time": 2000.123, "Mean": 1000.0615, "Variance": 1000119003.54025, "Standard Deviation": 1000.0595}, "Base,FeatureC": {"Occurrences": 2, "Overall Time": 1000.11, "Mean": 500.055, "Variance": 250054002.916, "Standard Deviation": 500.054}, "Base,FeatureD": {"Occurrences": 2, "Overall Time": 2000.113, "Mean": 1000.0565, "Variance": 1000111003.08025, "Standard Deviation": 1000.0555}, "Base,FeatureA,FeatureB": {"Occurrences": 1, "Overall Time": 2000.134, "Mean": 2000.134, "Variance": 0.0, "Standard Deviation": 0.0}, "Base,FeatureC,FeatureD": {"Occurrences": 1, "Overall Time": 0.024, "Mean": 0.024, "Variance": 0.0, "Standard Deviation": 0.0}, "Overall time for all features": {"Time Taken": 10000.743999999999}}