{"Base": {"Occurrences": 7, "Overall Time": 2000.112, "Mean": 285.73028571428574, "Variance": 489845062.459347, "Standard Deviation": 699.8893215783099}, "Base,FeatureA": {"Occurrences": 2, "Overall Time": 1000.094, "Mean": 500.047, "Variance": 250046002.116, "Standard Deviation": 500.046}, "Base,FeatureB": {"Occurrences": 2, "Overall Time": 2000.096, "Mean": 1000.048, "Variance": 1000094002.209, "Standard Deviation": 1000.047}, "Base,FeatureC": {"Occurrences": 2, "Overall Time": 1000.107, "Mean": 500.0535, "Variance": 250053502.86225, "Standard Deviation": 500.0535}, "Base,FeatureD": {"Occurrences": 2, "Overall Time": 2000.125, "Mean": 1000.0625, "Variance": 1000125003.90625, "Standard Deviation": 1000.0625}, "Base,FeatureA,FeatureB": {"Occurrences": 1, "Overall Time": 2000.11, "Mean": 2000.11, "Variance": 0.0, "Standard Deviation": 0.0}, "Base,FeatureC,FeatureD": {"Occurrences": 1, "Overall Time": 0.022, "Mean": 0.022, "Variance": 0.0, "Standard Deviation": 0.0}, "Overall time for all features": {"Time Taken": 10000.666000000001}}