{"Base": {"Occurrences": 7, "Overall Time": 2000.125, "Mean": 285.73214285714283, "Variance": 489850858.68640834, "Standard Deviation": 699.8934623829604}, "Base,FeatureA": {"Occurrences": 2, "Overall Time": 1000.097, "Mean": 500.0485, "Variance": 250047502.25625, "Standard Deviation": 500.0475}, "Base,FeatureB": {"Occurrences": 2, "Overall Time": 2000.099, "Mean": 1000.0495, "Variance": 1000095002.25625, "Standard Deviation": 1000.0475}, "Base,FeatureC": {"Occurrences": 2, "Overall Time": 1000.114, "Mean": 500.057, "Variance": 250057003.249, "Standard Deviation": 500.057}, "Base,FeatureD": {"Occurrences": 2, "Overall Time": 2000.111, "Mean": 1000.0555, "Variance": 1000111003.08025, "Standard Deviation": 1000.0555}, "Base,FeatureA,FeatureB": {"Occurrences": 1, "Overall Time": 2000.102, "Mean": 2000.102, "Variance": 0.0, "Standard Deviation": 0.0}, "Base,FeatureC,FeatureD": {"Occurrences": 1, "Overall Time": 0.019, "Mean": 0.019, "Variance": 0.0, "Standard Deviation": 0.0}, "Overall time for all features": {"Time Taken": 10000.667}}