{"Base": {"Occurrences": 7, "Overall Time": 2000.122, "Mean": 285.73171428571425, "Variance": 489849389.21620417, "Standard Deviation": 699.8924126008255}, "Base,FeatureA": {"Occurrences": 2, "Overall Time": 1000.089, "Mean": 500.0445, "Variance": 250043501.89225, "Standard Deviation": 500.0435}, "Base,FeatureB": {"Occurrences": 2, "Overall Time": 2000.098, "Mean": 1000.049, "Variance": 1000094002.209, "Standard Deviation": 1000.047}, "Base,FeatureC": {"Occurrences": 2, "Overall Time": 1000.103, "Mean": 500.0515, "Variance": 250051502.65225, "Standard Deviation": 500.0515}, "Base,FeatureD": {"Occurrences": 2, "Overall Time": 2000.101, "Mean": 1000.0505, "Variance": 1000101002.55025, "Standard Deviation": 1000.0505}, "Base,FeatureA,FeatureB": {"Occurrences": 1, "Overall Time": 2000.115, "Mean": 2000.115, "Variance": 0.0, "Standard Deviation": 0.0}, "Base,FeatureC,FeatureD": {"Occurrences": 1, "Overall Time": 0.026, "Mean": 0.026, "Variance": 0.0, "Standard Deviation": 0.0}, "Overall time for all features": {"Time Taken": 10000.654}}