{"Base": {"Occurrences": 7, "Overall Time": 2000.122, "Mean": 285.73171428571425, "Variance": 489849960.67534703, "Standard Deviation": 699.8928208485547}, "Base,FeatureA": {"Occurrences": 2, "Overall Time": 1000.09, "Mean": 500.045, "Variance": 250044001.936, "Standard Deviation": 500.044}, "Base,FeatureB": {"Occurrences": 2, "Overall Time": 2000.098, "Mean": 1000.049, "Variance": 1000094002.209, "Standard Deviation": 1000.047}, "Base,FeatureC": {"Occurrences": 2, "Overall Time": 1000.099, "Mean": 500.0495, "Variance": 250049502.45025, "Standard Deviation": 500.0495}, "Base,FeatureD": {"Occurrences": 2, "Overall Time": 2000.104, "Mean": 1000.052, "Variance": 1000104002.704, "Standard Deviation": 1000.052}, "Base,FeatureA,FeatureB": {"Occurrences": 1, "Overall Time": 2000.121, "Mean": 2000.121, "Variance": 0.0, "Standard Deviation": 0.0}, "Base,FeatureC,FeatureD": {"Occurrences": 1, "Overall Time": 0.029, "Mean": 0.029, "Variance": 0.0, "Standard Deviation": 0.0}, "Overall time for all features": {"Time Taken": 10000.663}}