{"Base": {"Occurrences": 6, "Overall Time": 2000.113, "Mean": 333.3521666666667, "Variance": 555609667.9958055, "Standard Deviation": 745.3922913445011}, "Base,FeatureA": {"Occurrences": 2, "Overall Time": 1000.133, "Mean": 500.0665, "Variance": 250065504.29025, "Standard Deviation": 500.0655}, "Base,FeatureC": {"Occurrences": 2, "Overall Time": 1000.099, "Mean": 500.0495, "Variance": 250049502.45025, "Standard Deviation": 500.0495}, "Base,FeatureD": {"Occurrences": 2, "Overall Time": 2000.117, "Mean": 1000.0585, "Variance": 1000117003.42225, "Standard Deviation": 1000.0585}, "Base,FeatureC,FeatureD": {"Occurrences": 1, "Overall Time": 0.032, "Mean": 0.032, "Variance": 0.0, "Standard Deviation": 0.0}, "Overall time for all features": {"Time Taken": 6000.494000000001}}