{"Base": {"Occurrences": 6, "Overall Time": 2000.141, "Mean": 333.3568333333333, "Variance": 555621224.199139, "Standard Deviation": 745.400043063548}, "Base,FeatureA": {"Occurrences": 2, "Overall Time": 1000.119, "Mean": 500.0595, "Variance": 250058503.42225, "Standard Deviation": 500.0585}, "Base,FeatureC": {"Occurrences": 2, "Overall Time": 1000.1, "Mean": 500.05, "Variance": 250050002.5, "Standard Deviation": 500.05}, "Base,FeatureD": {"Occurrences": 2, "Overall Time": 2000.086, "Mean": 1000.043, "Variance": 1000084001.764, "Standard Deviation": 1000.042}, "Base,FeatureC,FeatureD": {"Occurrences": 1, "Overall Time": 0.025, "Mean": 0.025, "Variance": 0.0, "Standard Deviation": 0.0}, "Overall time for all features": {"Time Taken": 6000.471}}