{"Base": {"Occurrences": 6, "Overall Time": 2000.144, "Mean": 333.3573333333333, "Variance": 555632224.8705558, "Standard Deviation": 745.4074220656485}, "Base,FeatureA": {"Occurrences": 2, "Overall Time": 1000.108, "Mean": 500.054, "Variance": 250053002.809, "Standard Deviation": 500.053}, "Base,FeatureC": {"Occurrences": 2, "Overall Time": 1000.088, "Mean": 500.044, "Variance": 250043001.849, "Standard Deviation": 500.043}, "Base,FeatureD": {"Occurrences": 2, "Overall Time": 2000.095, "Mean": 1000.0475, "Variance": 1000093002.16225, "Standard Deviation": 1000.0465}, "Base,FeatureC,FeatureD": {"Occurrences": 1, "Overall Time": 0.024, "Mean": 0.024, "Variance": 0.0, "Standard Deviation": 0.0}, "Overall time for all features": {"Time Taken": 6000.459000000001}}