{"Base": {"Occurrences": 6, "Overall Time": 2000.148, "Mean": 333.358, "Variance": 555630446.9733334, "Standard Deviation": 745.4062294972678}, "Base,FeatureA": {"Occurrences": 2, "Overall Time": 1000.115, "Mean": 500.0575, "Variance": 250057503.30625, "Standard Deviation": 500.0575}, "Base,FeatureC": {"Occurrences": 2, "Overall Time": 1000.099, "Mean": 500.0495, "Variance": 250049502.45025, "Standard Deviation": 500.0495}, "Base,FeatureD": {"Occurrences": 2, "Overall Time": 2000.122, "Mean": 1000.061, "Variance": 1000120003.6, "Standard Deviation": 1000.06}, "Base,FeatureC,FeatureD": {"Occurrences": 1, "Overall Time": 0.025, "Mean": 0.025, "Variance": 0.0, "Standard Deviation": 0.0}, "Overall time for all features": {"Time Taken": 6000.509}}