{"Base": {"Occurrences": 6, "Overall Time": 2000.15, "Mean": 333.3583333333333, "Variance": 555630891.4522223, "Standard Deviation": 745.4065276426162}, "Base,FeatureA": {"Occurrences": 2, "Overall Time": 1000.098, "Mean": 500.049, "Variance": 250048002.304, "Standard Deviation": 500.048}, "Base,FeatureC": {"Occurrences": 2, "Overall Time": 1000.085, "Mean": 500.0425, "Variance": 250042501.80625, "Standard Deviation": 500.0425}, "Base,FeatureD": {"Occurrences": 2, "Overall Time": 2000.141, "Mean": 1000.0705, "Variance": 1000139004.83025, "Standard Deviation": 1000.0695}, "Base,FeatureC,FeatureD": {"Occurrences": 1, "Overall Time": 0.033, "Mean": 0.033, "Variance": 0.0, "Standard Deviation": 0.0}, "Overall time for all features": {"Time Taken": 6000.5070000000005}}