{"Base": {"Occurrences": 6, "Overall Time": 2000.113, "Mean": 333.3521666666667, "Variance": 555609667.9911389, "Standard Deviation": 745.3922913413708}, "Base,FeatureA": {"Occurrences": 2, "Overall Time": 1000.119, "Mean": 500.0595, "Variance": 250058503.42225, "Standard Deviation": 500.0585}, "Base,FeatureC": {"Occurrences": 2, "Overall Time": 1000.112, "Mean": 500.056, "Variance": 250055003.025, "Standard Deviation": 500.055}, "Base,FeatureD": {"Occurrences": 2, "Overall Time": 2000.135, "Mean": 1000.0675, "Variance": 1000135004.55625, "Standard Deviation": 1000.0675}, "Base,FeatureC,FeatureD": {"Occurrences": 1, "Overall Time": 0.034, "Mean": 0.034, "Variance": 0.0, "Standard Deviation": 0.0}, "Overall time for all features": {"Time Taken": 6000.513}}