{"Base": {"Occurrences": 6, "Overall Time": 2000.122, "Mean": 333.3536666666667, "Variance": 555615334.9605557, "Standard Deviation": 745.3960926652055}, "Base,FeatureA": {"Occurrences": 2, "Overall Time": 1000.108, "Mean": 500.054, "Variance": 250053002.809, "Standard Deviation": 500.053}, "Base,FeatureC": {"Occurrences": 2, "Overall Time": 1000.092, "Mean": 500.046, "Variance": 250045002.025, "Standard Deviation": 500.045}, "Base,FeatureD": {"Occurrences": 2, "Overall Time": 2000.129, "Mean": 1000.0645, "Variance": 1000127004.03225, "Standard Deviation": 1000.0635}, "Base,FeatureC,FeatureD": {"Occurrences": 1, "Overall Time": 0.026, "Mean": 0.026, "Variance": 0.0, "Standard Deviation": 0.0}, "Overall time for all features": {"Time Taken": 6000.477}}