{"Base": {"Occurrences": 6, "Overall Time": 2000.125, "Mean": 333.3541666666667, "Variance": 555617001.7081388, "Standard Deviation": 745.3972106924863}, "Base,FeatureA": {"Occurrences": 2, "Overall Time": 1000.108, "Mean": 500.054, "Variance": 250054002.916, "Standard Deviation": 500.054}, "Base,FeatureC": {"Occurrences": 2, "Overall Time": 1000.089, "Mean": 500.0445, "Variance": 250044501.98025, "Standard Deviation": 500.0445}, "Base,FeatureD": {"Occurrences": 2, "Overall Time": 2000.108, "Mean": 1000.054, "Variance": 1000108002.916, "Standard Deviation": 1000.054}, "Base,FeatureC,FeatureD": {"Occurrences": 1, "Overall Time": 0.029, "Mean": 0.029, "Variance": 0.0, "Standard Deviation": 0.0}, "Overall time for all features": {"Time Taken": 6000.459000000001}}