{"Base": {"Occurrences": 6, "Overall Time": 2000.133, "Mean": 333.3555, "Variance": 555623446.5215833, "Standard Deviation": 745.4015337531735}, "Base,FeatureA": {"Occurrences": 2, "Overall Time": 1000.125, "Mean": 500.0625, "Variance": 250061503.78225, "Standard Deviation": 500.0615}, "Base,FeatureC": {"Occurrences": 2, "Overall Time": 1000.09, "Mean": 500.045, "Variance": 250044001.936, "Standard Deviation": 500.044}, "Base,FeatureD": {"Occurrences": 2, "Overall Time": 2000.118, "Mean": 1000.059, "Variance": 1000116003.364, "Standard Deviation": 1000.058}, "Base,FeatureC,FeatureD": {"Occurrences": 1, "Overall Time": 0.029, "Mean": 0.029, "Variance": 0.0, "Standard Deviation": 0.0}, "Overall time for all features": {"Time Taken": 6000.495000000001}}