{"Base": {"Occurrences": 4, "Overall Time": 2000.123, "Mean": 500.03075, "Variance": 750091252.7756875, "Standard Deviation": 866.0780869965984}, "Base,FeatureA": {"Occurrences": 1, "Overall Time": 2000.095, "Mean": 2000.095, "Variance": 0.0, "Standard Deviation": 0.0}, "Base,FeatureC": {"Occurrences": 2, "Overall Time": 1000.103, "Mean": 500.0515, "Variance": 250046502.16225, "Standard Deviation": 500.0465}, "Overall time for all features": {"Time Taken": 5000.321}}