{"Base": {"Occurrences": 4, "Overall Time": 2000.102, "Mean": 500.0255, "Variance": 750076501.95075, "Standard Deviation": 866.0695710800317}, "Base,FeatureA": {"Occurrences": 1, "Overall Time": 2000.089, "Mean": 2000.089, "Variance": 0.0, "Standard Deviation": 0.0}, "Base,FeatureC": {"Occurrences": 2, "Overall Time": 1000.101, "Mean": 500.0505, "Variance": 250043501.89225, "Standard Deviation": 500.0435}, "Overall time for all features": {"Time Taken": 5000.2919999999995}}