{"Base": {"Occurrences": 4, "Overall Time": 2000.118, "Mean": 500.0295, "Variance": 750088502.61075, "Standard Deviation": 866.0764992832619}, "Base,FeatureA": {"Occurrences": 1, "Overall Time": 2000.106, "Mean": 2000.106, "Variance": 0.0, "Standard Deviation": 0.0}, "Base,FeatureC": {"Occurrences": 2, "Overall Time": 1000.107, "Mean": 500.0535, "Variance": 250048502.35225, "Standard Deviation": 500.0485}, "Overall time for all features": {"Time Taken": 5000.331}}