{"Base": {"Occurrences": 4, "Overall Time": 2000.113, "Mean": 500.02825, "Variance": 750081752.2276875, "Standard Deviation": 866.0726021689449}, "Base,FeatureA": {"Occurrences": 1, "Overall Time": 2000.097, "Mean": 2000.097, "Variance": 0.0, "Standard Deviation": 0.0}, "Base,FeatureC": {"Occurrences": 2, "Overall Time": 1000.094, "Mean": 500.047, "Variance": 250039001.521, "Standard Deviation": 500.039}, "Overall time for all features": {"Time Taken": 5000.304}}