{"Base": {"Occurrences": 4, "Overall Time": 2000.128, "Mean": 500.032, "Variance": 750094002.9455, "Standard Deviation": 866.0796747098387}, "Base,FeatureA": {"Occurrences": 1, "Overall Time": 2000.093, "Mean": 2000.093, "Variance": 0.0, "Standard Deviation": 0.0}, "Base,FeatureC": {"Occurrences": 2, "Overall Time": 1000.097, "Mean": 500.0485, "Variance": 250042501.80625, "Standard Deviation": 500.0425}, "Overall time for all features": {"Time Taken": 5000.318}}