{"Base": {"Occurrences": 4, "Overall Time": 2000.109, "Mean": 500.02725, "Variance": 750080752.1736875, "Standard Deviation": 866.072024818772}, "Base,FeatureA": {"Occurrences": 1, "Overall Time": 2000.098, "Mean": 2000.098, "Variance": 0.0, "Standard Deviation": 0.0}, "Base,FeatureC": {"Occurrences": 2, "Overall Time": 1000.095, "Mean": 500.0475, "Variance": 250042501.80625, "Standard Deviation": 500.0425}, "Overall time for all features": {"Time Taken": 5000.302}}