{"Base": {"Occurrences": 3, "Overall Time": 2000.15, "Mean": 666.7166666666666, "Variance": 889002225.862889, "Standard Deviation": 942.8691456734009}, "Base,FeatureC": {"Occurrences": 2, "Overall Time": 1000.146, "Mean": 500.073, "Variance": 250072005.184, "Standard Deviation": 500.072}, "Overall time for all features": {"Time Taken": 3000.2960000000003}}