{"Base": {"Occurrences": 3, "Overall Time": 2000.145, "Mean": 666.715, "Variance": 889008448.4726666, "Standard Deviation": 942.8724454944405}, "Base,FeatureC": {"Occurrences": 2, "Overall Time": 1000.109, "Mean": 500.0545, "Variance": 250053502.86225, "Standard Deviation": 500.0535}, "Overall time for all features": {"Time Taken": 3000.254}}