{"Base": {"Occurrences": 3, "Overall Time": 2000.137, "Mean": 666.7123333333334, "Variance": 888997336.6515555, "Standard Deviation": 942.8665529392564}, "Base,FeatureC": {"Occurrences": 2, "Overall Time": 1000.113, "Mean": 500.0565, "Variance": 250056503.19225, "Standard Deviation": 500.0565}, "Overall time for all features": {"Time Taken": 3000.25}}