{"Base": {"Occurrences": 3, "Overall Time": 2000.137, "Mean": 666.7123333333334, "Variance": 888998670.0642221, "Standard Deviation": 942.8672600447118}, "Base,FeatureC": {"Occurrences": 2, "Overall Time": 1000.109, "Mean": 500.0545, "Variance": 250054502.97025, "Standard Deviation": 500.0545}, "Overall time for all features": {"Time Taken": 3000.246}}