{"Base": {"Occurrences": 3, "Overall Time": 2000.143, "Mean": 666.7143333333333, "Variance": 889014671.1162221, "Standard Deviation": 942.8757453218436}, "Base,FeatureC": {"Occurrences": 2, "Overall Time": 1000.111, "Mean": 500.0555, "Variance": 250054502.97025, "Standard Deviation": 500.0545}, "Overall time for all features": {"Time Taken": 3000.254}}