{"Base": {"Occurrences": 3, "Overall Time": 2000.123, "Mean": 666.7076666666667, "Variance": 888988891.7055557, "Standard Deviation": 942.8620745928621}, "Base,FeatureC": {"Occurrences": 2, "Overall Time": 1000.103, "Mean": 500.0515, "Variance": 250050502.55025, "Standard Deviation": 500.0505}, "Overall time for all features": {"Time Taken": 3000.226}}