{"Base": {"Occurrences": 3, "Overall Time": 2000.114, "Mean": 666.7046666666666, "Variance": 888987558.2935556, "Standard Deviation": 942.8613674838712}, "Base,FeatureC": {"Occurrences": 2, "Overall Time": 1000.11, "Mean": 500.055, "Variance": 250055003.025, "Standard Deviation": 500.055}, "Overall time for all features": {"Time Taken": 3000.224}}