{"Base": {"Occurrences": 3, "Overall Time": 2000.113, "Mean": 666.7043333333334, "Variance": 888978668.9395555, "Standard Deviation": 942.8566534418451}, "Base,FeatureC": {"Occurrences": 2, "Overall Time": 1000.091, "Mean": 500.0455, "Variance": 250045502.07025, "Standard Deviation": 500.0455}, "Overall time for all features": {"Time Taken": 3000.204}}