{"Base": {"Occurrences": 3, "Overall Time": 2000.122, "Mean": 666.7073333333334, "Variance": 888996003.2268887, "Standard Deviation": 942.8658458269069}, "Base,FeatureC": {"Occurrences": 2, "Overall Time": 1000.094, "Mean": 500.047, "Variance": 250047002.209, "Standard Deviation": 500.047}, "Overall time for all features": {"Time Taken": 3000.2160000000003}}