{"Base": {"Occurrences": 3, "Overall Time": 2000.114, "Mean": 666.7046666666666, "Variance": 888978224.474889, "Standard Deviation": 942.8564177407337}, "Base,FeatureC": {"Occurrences": 2, "Overall Time": 1000.109, "Mean": 500.0545, "Variance": 250054502.97025, "Standard Deviation": 500.0545}, "Overall time for all features": {"Time Taken": 3000.223}}