{"Base": {"Occurrences": 6, "Overall Time": 2000.143, "Mean": 333.35716666666667, "Variance": 555629669.1424721, "Standard Deviation": 745.4057077474469}, "Base,FeatureA": {"Occurrences": 2, "Overall Time": 1000.104, "Mean": 500.052, "Variance": 250052002.704, "Standard Deviation": 500.052}, "Base,FeatureB": {"Occurrences": 2, "Overall Time": 2000.092, "Mean": 1000.046, "Variance": 1000088001.936, "Standard Deviation": 1000.044}, "Base,FeatureC": {"Occurrences": 2, "Overall Time": 1000.088, "Mean": 500.044, "Variance": 250043001.849, "Standard Deviation": 500.043}, "Base,FeatureA,FeatureB": {"Occurrences": 1, "Overall Time": 2000.11, "Mean": 2000.11, "Variance": 0.0, "Standard Deviation": 0.0}, "Overall time for all features": {"Time Taken": 8000.536999999999}}