{"Base": {"Occurrences": 6, "Overall Time": 2000.12, "Mean": 333.3533333333333, "Variance": 555618223.9912223, "Standard Deviation": 745.3980305791143}, "Base,FeatureA": {"Occurrences": 2, "Overall Time": 1000.1, "Mean": 500.05, "Variance": 250049002.401, "Standard Deviation": 500.049}, "Base,FeatureB": {"Occurrences": 2, "Overall Time": 2000.122, "Mean": 1000.061, "Variance": 1000118003.481, "Standard Deviation": 1000.059}, "Base,FeatureC": {"Occurrences": 2, "Overall Time": 1000.13, "Mean": 500.065, "Variance": 250064004.096, "Standard Deviation": 500.064}, "Base,FeatureA,FeatureB": {"Occurrences": 1, "Overall Time": 2000.138, "Mean": 2000.138, "Variance": 0.0, "Standard Deviation": 0.0}, "Overall time for all features": {"Time Taken": 8000.61}}