{"Base": {"Occurrences": 6, "Overall Time": 2000.121, "Mean": 333.3535, "Variance": 555618112.87525, "Standard Deviation": 745.3979560444541}, "Base,FeatureA": {"Occurrences": 2, "Overall Time": 1000.096, "Mean": 500.048, "Variance": 250047002.209, "Standard Deviation": 500.047}, "Base,FeatureB": {"Occurrences": 2, "Overall Time": 2000.105, "Mean": 1000.0525, "Variance": 1000099002.45025, "Standard Deviation": 1000.0495}, "Base,FeatureC": {"Occurrences": 2, "Overall Time": 1000.129, "Mean": 500.0645, "Variance": 250063504.03225, "Standard Deviation": 500.0635}, "Base,FeatureA,FeatureB": {"Occurrences": 1, "Overall Time": 2000.133, "Mean": 2000.133, "Variance": 0.0, "Standard Deviation": 0.0}, "Overall time for all features": {"Time Taken": 8000.584}}