{"Base": {"Occurrences": 6, "Overall Time": 2000.131, "Mean": 333.35516666666666, "Variance": 555620335.2281388, "Standard Deviation": 745.399446758675}, "Base,FeatureA": {"Occurrences": 2, "Overall Time": 1000.103, "Mean": 500.0515, "Variance": 250050502.55025, "Standard Deviation": 500.0505}, "Base,FeatureB": {"Occurrences": 2, "Overall Time": 2000.092, "Mean": 1000.046, "Variance": 1000088001.936, "Standard Deviation": 1000.044}, "Base,FeatureC": {"Occurrences": 2, "Overall Time": 1000.121, "Mean": 500.0605, "Variance": 250060503.66025, "Standard Deviation": 500.0605}, "Base,FeatureA,FeatureB": {"Occurrences": 1, "Overall Time": 2000.127, "Mean": 2000.127, "Variance": 0.0, "Standard Deviation": 0.0}, "Overall time for all features": {"Time Taken": 8000.5740000000005}}