{"Base": {"Occurrences": 6, "Overall Time": 2000.141, "Mean": 333.3568333333333, "Variance": 555629891.3784723, "Standard Deviation": 745.40585681793}, "Base,FeatureA": {"Occurrences": 2, "Overall Time": 1000.105, "Mean": 500.0525, "Variance": 250052502.75625, "Standard Deviation": 500.0525}, "Base,FeatureB": {"Occurrences": 2, "Overall Time": 2000.106, "Mean": 1000.053, "Variance": 1000102002.601, "Standard Deviation": 1000.051}, "Base,FeatureC": {"Occurrences": 2, "Overall Time": 1000.104, "Mean": 500.052, "Variance": 250051002.601, "Standard Deviation": 500.051}, "Base,FeatureA,FeatureB": {"Occurrences": 1, "Overall Time": 2000.082, "Mean": 2000.082, "Variance": 0.0, "Standard Deviation": 0.0}, "Overall time for all features": {"Time Taken": 8000.5380000000005}}