{"Base": {"Occurrences": 6, "Overall Time": 2000.132, "Mean": 333.3553333333333, "Variance": 555623557.6392223, "Standard Deviation": 745.4016082885938}, "Base,FeatureA": {"Occurrences": 2, "Overall Time": 1000.109, "Mean": 500.0545, "Variance": 250053502.86225, "Standard Deviation": 500.0535}, "Base,FeatureB": {"Occurrences": 2, "Overall Time": 2000.102, "Mean": 1000.051, "Variance": 1000098002.401, "Standard Deviation": 1000.049}, "Base,FeatureC": {"Occurrences": 2, "Overall Time": 1000.103, "Mean": 500.0515, "Variance": 250051502.65225, "Standard Deviation": 500.0515}, "Base,FeatureA,FeatureB": {"Occurrences": 1, "Overall Time": 2000.095, "Mean": 2000.095, "Variance": 0.0, "Standard Deviation": 0.0}, "Overall time for all features": {"Time Taken": 8000.541}}