{"Base": {"Occurrences": 6, "Overall Time": 2000.126, "Mean": 333.35433333333333, "Variance": 555620224.1065556, "Standard Deviation": 745.3993722203927}, "Base,FeatureA": {"Occurrences": 2, "Overall Time": 1000.093, "Mean": 500.0465, "Variance": 250045502.07025, "Standard Deviation": 500.0455}, "Base,FeatureB": {"Occurrences": 2, "Overall Time": 2000.119, "Mean": 1000.0595, "Variance": 1000115003.30625, "Standard Deviation": 1000.0575}, "Base,FeatureC": {"Occurrences": 2, "Overall Time": 1000.113, "Mean": 500.0565, "Variance": 250056503.19225, "Standard Deviation": 500.0565}, "Base,FeatureA,FeatureB": {"Occurrences": 1, "Overall Time": 2000.11, "Mean": 2000.11, "Variance": 0.0, "Standard Deviation": 0.0}, "Overall time for all features": {"Time Taken": 8000.561}}