{"Base": {"Occurrences": 6, "Overall Time": 2000.131, "Mean": 333.35516666666666, "Variance": 555620335.2338055, "Standard Deviation": 745.3994467624761}, "Base,FeatureA": {"Occurrences": 2, "Overall Time": 1000.12, "Mean": 500.06, "Variance": 250060003.6, "Standard Deviation": 500.06}, "Base,FeatureB": {"Occurrences": 2, "Overall Time": 2000.117, "Mean": 1000.0585, "Variance": 1000113003.19225, "Standard Deviation": 1000.0565}, "Base,FeatureC": {"Occurrences": 2, "Overall Time": 1000.115, "Mean": 500.0575, "Variance": 250056503.19225, "Standard Deviation": 500.0565}, "Base,FeatureA,FeatureB": {"Occurrences": 1, "Overall Time": 2000.103, "Mean": 2000.103, "Variance": 0.0, "Standard Deviation": 0.0}, "Overall time for all features": {"Time Taken": 8000.586}}