{"Base": {"Occurrences": 6, "Overall Time": 2000.15, "Mean": 333.3583333333333, "Variance": 555632891.5822225, "Standard Deviation": 745.407869278439}, "Base,FeatureA": {"Occurrences": 2, "Overall Time": 1000.107, "Mean": 500.0535, "Variance": 250053502.86225, "Standard Deviation": 500.0535}, "Base,FeatureB": {"Occurrences": 2, "Overall Time": 2000.121, "Mean": 1000.0605, "Variance": 1000119003.54025, "Standard Deviation": 1000.0595}, "Base,FeatureC": {"Occurrences": 2, "Overall Time": 1000.108, "Mean": 500.054, "Variance": 250054002.916, "Standard Deviation": 500.054}, "Base,FeatureA,FeatureB": {"Occurrences": 1, "Overall Time": 2000.091, "Mean": 2000.091, "Variance": 0.0, "Standard Deviation": 0.0}, "Overall time for all features": {"Time Taken": 8000.577000000001}}