{"Base": {"Occurrences": 6, "Overall Time": 2000.127, "Mean": 333.3545, "Variance": 555617446.1709167, "Standard Deviation": 745.397508830635}, "Base,FeatureA": {"Occurrences": 2, "Overall Time": 1000.095, "Mean": 500.0475, "Variance": 250047502.25625, "Standard Deviation": 500.0475}, "Base,FeatureB": {"Occurrences": 2, "Overall Time": 2000.099, "Mean": 1000.0495, "Variance": 1000095002.25625, "Standard Deviation": 1000.0475}, "Base,FeatureC": {"Occurrences": 2, "Overall Time": 1000.101, "Mean": 500.0505, "Variance": 250050502.55025, "Standard Deviation": 500.0505}, "Base,FeatureA,FeatureB": {"Occurrences": 1, "Overall Time": 2000.111, "Mean": 2000.111, "Variance": 0.0, "Standard Deviation": 0.0}, "Overall time for all features": {"Time Taken": 8000.532999999999}}