{"Base": {"Occurrences": 6, "Overall Time": 2000.142, "Mean": 333.357, "Variance": 555627113.42, "Standard Deviation": 745.4039934290666}, "Base,FeatureA": {"Occurrences": 2, "Overall Time": 1000.091, "Mean": 500.0455, "Variance": 250045502.07025, "Standard Deviation": 500.0455}, "Base,FeatureB": {"Occurrences": 2, "Overall Time": 2000.088, "Mean": 1000.044, "Variance": 1000084001.764, "Standard Deviation": 1000.042}, "Base,FeatureC": {"Occurrences": 2, "Overall Time": 1000.096, "Mean": 500.048, "Variance": 250048002.304, "Standard Deviation": 500.048}, "Base,FeatureA,FeatureB": {"Occurrences": 1, "Overall Time": 2000.107, "Mean": 2000.107, "Variance": 0.0, "Standard Deviation": 0.0}, "Overall time for all features": {"Time Taken": 8000.523999999999}}