{"Base": {"Occurrences": 6, "Overall Time": 2000.11, "Mean": 333.3516666666667, "Variance": 555608667.9482223, "Standard Deviation": 745.3916205245552}, "Base,FeatureA": {"Occurrences": 2, "Overall Time": 1000.1, "Mean": 500.05, "Variance": 250050002.5, "Standard Deviation": 500.05}, "Base,FeatureB": {"Occurrences": 2, "Overall Time": 2000.076, "Mean": 1000.038, "Variance": 1000072001.296, "Standard Deviation": 1000.036}, "Base,FeatureC": {"Occurrences": 2, "Overall Time": 1000.107, "Mean": 500.0535, "Variance": 250052502.75625, "Standard Deviation": 500.0525}, "Base,FeatureA,FeatureB": {"Occurrences": 1, "Overall Time": 2000.098, "Mean": 2000.098, "Variance": 0.0, "Standard Deviation": 0.0}, "Overall time for all features": {"Time Taken": 8000.491}}