{"Base": {"Occurrences": 6, "Overall Time": 2000.153, "Mean": 333.35883333333334, "Variance": 555634558.3721391, "Standard Deviation": 745.4089873164523}, "Base,FeatureA": {"Occurrences": 2, "Overall Time": 1000.113, "Mean": 500.0565, "Variance": 250056503.19225, "Standard Deviation": 500.0565}, "Base,FeatureB": {"Occurrences": 2, "Overall Time": 2000.106, "Mean": 1000.053, "Variance": 1000102002.601, "Standard Deviation": 1000.051}, "Base,FeatureC": {"Occurrences": 2, "Overall Time": 1000.094, "Mean": 500.047, "Variance": 250046002.116, "Standard Deviation": 500.046}, "Base,FeatureA,FeatureB": {"Occurrences": 1, "Overall Time": 2000.1, "Mean": 2000.1, "Variance": 0.0, "Standard Deviation": 0.0}, "Overall time for all features": {"Time Taken": 8000.566000000001}}