{"Base": {"Occurrences": 6, "Overall Time": 2000.121, "Mean": 333.3535, "Variance": 555616779.46825, "Standard Deviation": 745.3970616176656}, "Base,FeatureA": {"Occurrences": 2, "Overall Time": 1000.087, "Mean": 500.0435, "Variance": 250042501.80625, "Standard Deviation": 500.0425}, "Base,FeatureB": {"Occurrences": 2, "Overall Time": 2000.081, "Mean": 1000.0405, "Variance": 1000077001.48225, "Standard Deviation": 1000.0385}, "Base,FeatureC": {"Occurrences": 2, "Overall Time": 1000.101, "Mean": 500.0505, "Variance": 250050502.55025, "Standard Deviation": 500.0505}, "Base,FeatureA,FeatureB": {"Occurrences": 1, "Overall Time": 2000.101, "Mean": 2000.101, "Variance": 0.0, "Standard Deviation": 0.0}, "Overall time for all features": {"Time Taken": 8000.491}}