{"Base": {"Occurrences": 6, "Overall Time": 2000.121, "Mean": 333.3535, "Variance": 555616112.7689166, "Standard Deviation": 745.3966144066638}, "Base,FeatureA": {"Occurrences": 2, "Overall Time": 1000.095, "Mean": 500.0475, "Variance": 250046502.16225, "Standard Deviation": 500.0465}, "Base,FeatureB": {"Occurrences": 2, "Overall Time": 2000.087, "Mean": 1000.0435, "Variance": 1000083001.72225, "Standard Deviation": 1000.0415}, "Base,FeatureC": {"Occurrences": 2, "Overall Time": 1000.121, "Mean": 500.0605, "Variance": 250059503.54025, "Standard Deviation": 500.0595}, "Base,FeatureA,FeatureB": {"Occurrences": 1, "Overall Time": 2000.123, "Mean": 2000.123, "Variance": 0.0, "Standard Deviation": 0.0}, "Overall time for all features": {"Time Taken": 8000.5470000000005}}