{"Base": {"Occurrences": 6, "Overall Time": 2000.125, "Mean": 333.3541666666667, "Variance": 555619668.5188055, "Standard Deviation": 745.3989995423964}, "Base,FeatureA": {"Occurrences": 2, "Overall Time": 1000.09, "Mean": 500.045, "Variance": 250044001.936, "Standard Deviation": 500.044}, "Base,FeatureB": {"Occurrences": 2, "Overall Time": 2000.111, "Mean": 1000.0555, "Variance": 1000107002.86225, "Standard Deviation": 1000.0535}, "Base,FeatureC": {"Occurrences": 2, "Overall Time": 1000.106, "Mean": 500.053, "Variance": 250052002.704, "Standard Deviation": 500.052}, "Base,FeatureA,FeatureB": {"Occurrences": 1, "Overall Time": 2000.107, "Mean": 2000.107, "Variance": 0.0, "Standard Deviation": 0.0}, "Overall time for all features": {"Time Taken": 8000.539}}