{"Base": {"Occurrences": 4, "Overall Time": 2000.131, "Mean": 500.03275, "Variance": 750088252.6041875, "Standard Deviation": 866.0763549504094}, "Base,FeatureB": {"Occurrences": 1, "Overall Time": 2000.095, "Mean": 2000.095, "Variance": 0.0, "Standard Deviation": 0.0}, "Base,FeatureC": {"Occurrences": 2, "Overall Time": 1000.086, "Mean": 500.043, "Variance": 250043001.849, "Standard Deviation": 500.043}, "Overall time for all features": {"Time Taken": 5000.312}}