{"Base": {"Occurrences": 4, "Overall Time": 2000.121, "Mean": 500.03025, "Variance": 750084752.3976876, "Standard Deviation": 866.074334221773}, "Base,FeatureB": {"Occurrences": 1, "Overall Time": 2000.091, "Mean": 2000.091, "Variance": 0.0, "Standard Deviation": 0.0}, "Base,FeatureC": {"Occurrences": 2, "Overall Time": 1000.113, "Mean": 500.0565, "Variance": 250056503.19225, "Standard Deviation": 500.0565}, "Overall time for all features": {"Time Taken": 5000.325}}