{"Base": {"Occurrences": 4, "Overall Time": 2000.119, "Mean": 500.02975, "Variance": 750082252.2601875, "Standard Deviation": 866.0728908470624}, "Base,FeatureB": {"Occurrences": 1, "Overall Time": 2000.097, "Mean": 2000.097, "Variance": 0.0, "Standard Deviation": 0.0}, "Base,FeatureC": {"Occurrences": 2, "Overall Time": 1000.103, "Mean": 500.0515, "Variance": 250050502.55025, "Standard Deviation": 500.0505}, "Overall time for all features": {"Time Taken": 5000.3189999999995}}