{"Base": {"Occurrences": 4, "Overall Time": 2000.144, "Mean": 500.036, "Variance": 750100003.3375, "Standard Deviation": 866.0831388137631}, "Base,FeatureB": {"Occurrences": 1, "Overall Time": 2000.114, "Mean": 2000.114, "Variance": 0.0, "Standard Deviation": 0.0}, "Base,FeatureC": {"Occurrences": 2, "Overall Time": 1000.103, "Mean": 500.0515, "Variance": 250051502.65225, "Standard Deviation": 500.0515}, "Overall time for all features": {"Time Taken": 5000.361}}