{"Base": {"Occurrences": 4, "Overall Time": 2000.115, "Mean": 500.02875, "Variance": 750078252.0516875, "Standard Deviation": 866.0705814491608}, "Base,FeatureB": {"Occurrences": 1, "Overall Time": 2000.088, "Mean": 2000.088, "Variance": 0.0, "Standard Deviation": 0.0}, "Base,FeatureC": {"Occurrences": 2, "Overall Time": 1000.087, "Mean": 500.0435, "Variance": 250042501.80625, "Standard Deviation": 500.0425}, "Overall time for all features": {"Time Taken": 5000.29}}