{"Base": {"Occurrences": 4, "Overall Time": 2000.089, "Mean": 500.02225, "Variance": 750058751.1546875, "Standard Deviation": 866.059323115159}, "Base,FeatureB": {"Occurrences": 1, "Overall Time": 2000.093, "Mean": 2000.093, "Variance": 0.0, "Standard Deviation": 0.0}, "Base,FeatureC": {"Occurrences": 2, "Overall Time": 1000.114, "Mean": 500.057, "Variance": 250057003.249, "Standard Deviation": 500.057}, "Overall time for all features": {"Time Taken": 5000.296}}