{"Base": {"Occurrences": 6, "Overall Time": 2000.116, "Mean": 333.35266666666666, "Variance": 555616001.6458888, "Standard Deviation": 745.3965398671293}, "Base,FeatureA": {"Occurrences": 2, "Overall Time": 1000.088, "Mean": 500.044, "Variance": 250044001.936, "Standard Deviation": 500.044}, "Base,FeatureB": {"Occurrences": 2, "Overall Time": 2000.092, "Mean": 1000.046, "Variance": 1000088001.936, "Standard Deviation": 1000.044}, "Base,FeatureC": {"Occurrences": 2, "Overall Time": 1000.103, "Mean": 500.0515, "Variance": 250050502.55025, "Standard Deviation": 500.0505}, "Base,FeatureA,FeatureB": {"Occurrences": 1, "Overall Time": 2000.109, "Mean": 2000.109, "Variance": 0.0, "Standard Deviation": 0.0}, "Overall time for all features": {"Time Taken": 8000.508}}