{"Base": {"Occurrences": 6, "Overall Time": 2000.133, "Mean": 333.3555, "Variance": 555622779.81925, "Standard Deviation": 745.4010865428423}, "Base,FeatureA": {"Occurrences": 2, "Overall Time": 1000.089, "Mean": 500.0445, "Variance": 250043501.89225, "Standard Deviation": 500.0435}, "Base,FeatureB": {"Occurrences": 2, "Overall Time": 2000.097, "Mean": 1000.0485, "Variance": 1000093002.16225, "Standard Deviation": 1000.0465}, "Base,FeatureC": {"Occurrences": 2, "Overall Time": 1000.108, "Mean": 500.054, "Variance": 250053002.809, "Standard Deviation": 500.053}, "Base,FeatureA,FeatureB": {"Occurrences": 1, "Overall Time": 2000.104, "Mean": 2000.104, "Variance": 0.0, "Standard Deviation": 0.0}, "Overall time for all features": {"Time Taken": 8000.531000000001}}