{"Base": {"Occurrences": 6, "Overall Time": 2000.126, "Mean": 333.35433333333333, "Variance": 555620224.1102223, "Standard Deviation": 745.3993722228523}, "Base,FeatureA": {"Occurrences": 2, "Overall Time": 1000.094, "Mean": 500.047, "Variance": 250046002.116, "Standard Deviation": 500.046}, "Base,FeatureB": {"Occurrences": 2, "Overall Time": 2000.104, "Mean": 1000.052, "Variance": 1000102002.601, "Standard Deviation": 1000.051}, "Base,FeatureC": {"Occurrences": 2, "Overall Time": 1000.102, "Mean": 500.051, "Variance": 250050002.5, "Standard Deviation": 500.05}, "Base,FeatureA,FeatureB": {"Occurrences": 1, "Overall Time": 2000.089, "Mean": 2000.089, "Variance": 0.0, "Standard Deviation": 0.0}, "Overall time for all features": {"Time Taken": 8000.515}}