{"Base": {"Occurrences": 6, "Overall Time": 2000.129, "Mean": 333.3548333333333, "Variance": 555619890.7611389, "Standard Deviation": 745.3991486184693}, "Base,FeatureA": {"Occurrences": 2, "Overall Time": 1000.09, "Mean": 500.045, "Variance": 250045002.025, "Standard Deviation": 500.045}, "Base,FeatureB": {"Occurrences": 2, "Overall Time": 2000.08, "Mean": 1000.04, "Variance": 1000076001.444, "Standard Deviation": 1000.038}, "Base,FeatureC": {"Occurrences": 2, "Overall Time": 1000.094, "Mean": 500.047, "Variance": 250046002.116, "Standard Deviation": 500.046}, "Base,FeatureA,FeatureB": {"Occurrences": 1, "Overall Time": 2000.109, "Mean": 2000.109, "Variance": 0.0, "Standard Deviation": 0.0}, "Overall time for all features": {"Time Taken": 8000.502}}