{"Base": {"Occurrences": 6, "Overall Time": 2000.118, "Mean": 333.353, "Variance": 555613779.313, "Standard Deviation": 745.3950491605106}, "Base,FeatureA": {"Occurrences": 2, "Overall Time": 1000.099, "Mean": 500.0495, "Variance": 250048502.35225, "Standard Deviation": 500.0485}, "Base,FeatureB": {"Occurrences": 2, "Overall Time": 2000.104, "Mean": 1000.052, "Variance": 1000102002.601, "Standard Deviation": 1000.051}, "Base,FeatureC": {"Occurrences": 2, "Overall Time": 1000.092, "Mean": 500.046, "Variance": 250046002.116, "Standard Deviation": 500.046}, "Base,FeatureA,FeatureB": {"Occurrences": 1, "Overall Time": 2000.082, "Mean": 2000.082, "Variance": 0.0, "Standard Deviation": 0.0}, "Overall time for all features": {"Time Taken": 8000.495}}