{"Base": {"Occurrences": 6, "Overall Time": 2000.11, "Mean": 333.3516666666667, "Variance": 555612001.4365555, "Standard Deviation": 745.3938565862718}, "Base,FeatureA": {"Occurrences": 2, "Overall Time": 1000.099, "Mean": 500.0495, "Variance": 250049502.45025, "Standard Deviation": 500.0495}, "Base,FeatureB": {"Occurrences": 2, "Overall Time": 2000.103, "Mean": 1000.0515, "Variance": 1000097002.35225, "Standard Deviation": 1000.0485}, "Base,FeatureC": {"Occurrences": 2, "Overall Time": 1000.107, "Mean": 500.0535, "Variance": 250052502.75625, "Standard Deviation": 500.0525}, "Base,FeatureA,FeatureB": {"Occurrences": 1, "Overall Time": 2000.106, "Mean": 2000.106, "Variance": 0.0, "Standard Deviation": 0.0}, "Overall time for all features": {"Time Taken": 8000.525}}