{"Base": {"Occurrences": 6, "Overall Time": 2000.127, "Mean": 333.3545, "Variance": 555618112.88125, "Standard Deviation": 745.3979560484788}, "Base,FeatureA": {"Occurrences": 2, "Overall Time": 1000.09, "Mean": 500.045, "Variance": 250044001.936, "Standard Deviation": 500.044}, "Base,FeatureB": {"Occurrences": 2, "Overall Time": 2000.081, "Mean": 1000.0405, "Variance": 1000077001.48225, "Standard Deviation": 1000.0385}, "Base,FeatureC": {"Occurrences": 2, "Overall Time": 1000.093, "Mean": 500.0465, "Variance": 250046502.16225, "Standard Deviation": 500.0465}, "Base,FeatureA,FeatureB": {"Occurrences": 1, "Overall Time": 2000.107, "Mean": 2000.107, "Variance": 0.0, "Standard Deviation": 0.0}, "Overall time for all features": {"Time Taken": 8000.498}}