{"Base": {"Occurrences": 6, "Overall Time": 2000.123, "Mean": 333.35383333333334, "Variance": 555618557.3444723, "Standard Deviation": 745.3982541866276}, "Base,FeatureA": {"Occurrences": 2, "Overall Time": 1000.094, "Mean": 500.047, "Variance": 250046002.116, "Standard Deviation": 500.046}, "Base,FeatureB": {"Occurrences": 2, "Overall Time": 2000.104, "Mean": 1000.052, "Variance": 1000100002.5, "Standard Deviation": 1000.05}, "Base,FeatureC": {"Occurrences": 2, "Overall Time": 1000.106, "Mean": 500.053, "Variance": 250052002.704, "Standard Deviation": 500.052}, "Base,FeatureA,FeatureB": {"Occurrences": 1, "Overall Time": 2000.108, "Mean": 2000.108, "Variance": 0.0, "Standard Deviation": 0.0}, "Overall time for all features": {"Time Taken": 8000.535}}