{"Base": {"Occurrences": 6, "Overall Time": 2000.127, "Mean": 333.3545, "Variance": 555618779.5835834, "Standard Deviation": 745.398403260688}, "Base,FeatureA": {"Occurrences": 2, "Overall Time": 1000.093, "Mean": 500.0465, "Variance": 250045502.07025, "Standard Deviation": 500.0455}, "Base,FeatureB": {"Occurrences": 2, "Overall Time": 2000.087, "Mean": 1000.0435, "Variance": 1000085001.80625, "Standard Deviation": 1000.0425}, "Base,FeatureC": {"Occurrences": 2, "Overall Time": 1000.107, "Mean": 500.0535, "Variance": 250053502.86225, "Standard Deviation": 500.0535}, "Base,FeatureA,FeatureB": {"Occurrences": 1, "Overall Time": 2000.105, "Mean": 2000.105, "Variance": 0.0, "Standard Deviation": 0.0}, "Overall time for all features": {"Time Taken": 8000.519}}