{"Base": {"Occurrences": 6, "Overall Time": 2000.12, "Mean": 333.3533333333333, "Variance": 555617557.2882223, "Standard Deviation": 745.3975833662344}, "Base,FeatureA": {"Occurrences": 2, "Overall Time": 1000.118, "Mean": 500.059, "Variance": 250058003.364, "Standard Deviation": 500.058}, "Base,FeatureB": {"Occurrences": 2, "Overall Time": 2000.117, "Mean": 1000.0585, "Variance": 1000111003.08025, "Standard Deviation": 1000.0555}, "Base,FeatureC": {"Occurrences": 2, "Overall Time": 1000.101, "Mean": 500.0505, "Variance": 250049502.45025, "Standard Deviation": 500.0495}, "Base,FeatureA,FeatureB": {"Occurrences": 1, "Overall Time": 2000.112, "Mean": 2000.112, "Variance": 0.0, "Standard Deviation": 0.0}, "Overall time for all features": {"Time Taken": 8000.567999999999}}