{"Base": {"Occurrences": 6, "Overall Time": 2000.129, "Mean": 333.3548333333333, "Variance": 555621890.8751389, "Standard Deviation": 745.400490256841}, "Base,FeatureA": {"Occurrences": 2, "Overall Time": 1000.135, "Mean": 500.0675, "Variance": 250066504.42225, "Standard Deviation": 500.0665}, "Base,FeatureB": {"Occurrences": 2, "Overall Time": 2000.107, "Mean": 1000.0535, "Variance": 1000103002.65225, "Standard Deviation": 1000.0515}, "Base,FeatureC": {"Occurrences": 2, "Overall Time": 1000.123, "Mean": 500.0615, "Variance": 250060503.66025, "Standard Deviation": 500.0605}, "Base,FeatureA,FeatureB": {"Occurrences": 1, "Overall Time": 2000.103, "Mean": 2000.103, "Variance": 0.0, "Standard Deviation": 0.0}, "Overall time for all features": {"Time Taken": 8000.597000000001}}