{"Base": {"Occurrences": 6, "Overall Time": 2000.123, "Mean": 333.35383333333334, "Variance": 555620557.4588057, "Standard Deviation": 745.3995958268329}, "Base,FeatureA": {"Occurrences": 2, "Overall Time": 1000.099, "Mean": 500.0495, "Variance": 250048502.35225, "Standard Deviation": 500.0485}, "Base,FeatureB": {"Occurrences": 2, "Overall Time": 2000.108, "Mean": 1000.054, "Variance": 1000104002.704, "Standard Deviation": 1000.052}, "Base,FeatureC": {"Occurrences": 2, "Overall Time": 1000.104, "Mean": 500.052, "Variance": 250051002.601, "Standard Deviation": 500.051}, "Base,FeatureA,FeatureB": {"Occurrences": 1, "Overall Time": 2000.106, "Mean": 2000.106, "Variance": 0.0, "Standard Deviation": 0.0}, "Overall time for all features": {"Time Taken": 8000.54}}