{"Base": {"Occurrences": 6, "Overall Time": 2000.117, "Mean": 333.3528333333333, "Variance": 555615890.5298057, "Standard Deviation": 745.3964653322457}, "Base,FeatureA": {"Occurrences": 2, "Overall Time": 1000.121, "Mean": 500.0605, "Variance": 250060503.66025, "Standard Deviation": 500.0605}, "Base,FeatureB": {"Occurrences": 2, "Overall Time": 2000.103, "Mean": 1000.0515, "Variance": 1000099002.45025, "Standard Deviation": 1000.0495}, "Base,FeatureC": {"Occurrences": 2, "Overall Time": 1000.096, "Mean": 500.048, "Variance": 250047002.209, "Standard Deviation": 500.047}, "Base,FeatureA,FeatureB": {"Occurrences": 1, "Overall Time": 2000.098, "Mean": 2000.098, "Variance": 0.0, "Standard Deviation": 0.0}, "Overall time for all features": {"Time Taken": 8000.535}}