{"Base": {"Occurrences": 3, "Overall Time": 2000.114, "Mean": 666.7046666666666, "Variance": 888980891.2735556, "Standard Deviation": 942.8578319521749}, "Base,FeatureB": {"Occurrences": 1, "Overall Time": 2000.097, "Mean": 2000.097, "Variance": 0.0, "Standard Deviation": 0.0}, "Base,FeatureD": {"Occurrences": 1, "Overall Time": 2000.104, "Mean": 2000.104, "Variance": 0.0, "Standard Deviation": 0.0}, "Overall time for all features": {"Time Taken": 6000.3150000000005}}