{"Base": {"Occurrences": 3, "Overall Time": 2000.134, "Mean": 666.7113333333334, "Variance": 888997336.6515555, "Standard Deviation": 942.8665529392564}, "Base,FeatureB": {"Occurrences": 1, "Overall Time": 2000.097, "Mean": 2000.097, "Variance": 0.0, "Standard Deviation": 0.0}, "Base,FeatureD": {"Occurrences": 1, "Overall Time": 2000.123, "Mean": 2000.123, "Variance": 0.0, "Standard Deviation": 0.0}, "Overall time for all features": {"Time Taken": 6000.353999999999}}