{"Base": {"Occurrences": 3, "Overall Time": 2000.117, "Mean": 666.7056666666666, "Variance": 888984891.486889, "Standard Deviation": 942.8599532734906}, "Base,FeatureB": {"Occurrences": 1, "Overall Time": 2000.094, "Mean": 2000.094, "Variance": 0.0, "Standard Deviation": 0.0}, "Base,FeatureD": {"Occurrences": 1, "Overall Time": 2000.123, "Mean": 2000.123, "Variance": 0.0, "Standard Deviation": 0.0}, "Overall time for all features": {"Time Taken": 6000.334000000001}}