{"Base": {"Occurrences": 4, "Overall Time": 2000.106, "Mean": 500.0265, "Variance": 750071501.70825, "Standard Deviation": 866.0666843310912}, "Base,FeatureA": {"Occurrences": 2, "Overall Time": 1000.093, "Mean": 500.0465, "Variance": 250046502.16225, "Standard Deviation": 500.0465}, "Base,FeatureD": {"Occurrences": 1, "Overall Time": 2000.108, "Mean": 2000.108, "Variance": 0.0, "Standard Deviation": 0.0}, "Overall time for all features": {"Time Taken": 5000.307}}