{"Base": {"Occurrences": 4, "Overall Time": 2000.15, "Mean": 500.0375, "Variance": 750103503.57675, "Standard Deviation": 866.0851595407636}, "Base,FeatureA": {"Occurrences": 2, "Overall Time": 1000.123, "Mean": 500.0615, "Variance": 250061503.78225, "Standard Deviation": 500.0615}, "Base,FeatureD": {"Occurrences": 1, "Overall Time": 2000.126, "Mean": 2000.126, "Variance": 0.0, "Standard Deviation": 0.0}, "Overall time for all features": {"Time Taken": 5000.399}}