{"Base": {"Occurrences": 4, "Overall Time": 2000.153, "Mean": 500.03825, "Variance": 750106753.8091875, "Standard Deviation": 866.0870359318326}, "Base,FeatureA": {"Occurrences": 2, "Overall Time": 1000.131, "Mean": 500.0655, "Variance": 250064504.16025, "Standard Deviation": 500.0645}, "Base,FeatureD": {"Occurrences": 1, "Overall Time": 2000.138, "Mean": 2000.138, "Variance": 0.0, "Standard Deviation": 0.0}, "Overall time for all features": {"Time Taken": 5000.4220000000005}}