{"Base": {"Occurrences": 4, "Overall Time": 2000.107, "Mean": 500.02675, "Variance": 750074251.8436875, "Standard Deviation": 866.0682720453899}, "Base,FeatureA": {"Occurrences": 2, "Overall Time": 1000.094, "Mean": 500.047, "Variance": 250046002.116, "Standard Deviation": 500.046}, "Base,FeatureD": {"Occurrences": 1, "Overall Time": 2000.083, "Mean": 2000.083, "Variance": 0.0, "Standard Deviation": 0.0}, "Overall time for all features": {"Time Taken": 5000.284}}