{"Base": {"Occurrences": 4, "Overall Time": 2000.123, "Mean": 500.03075, "Variance": 750087252.5416875, "Standard Deviation": 866.075777597831}, "Base,FeatureA": {"Occurrences": 2, "Overall Time": 1000.089, "Mean": 500.0445, "Variance": 250043501.89225, "Standard Deviation": 500.0435}, "Base,FeatureD": {"Occurrences": 1, "Overall Time": 2000.086, "Mean": 2000.086, "Variance": 0.0, "Standard Deviation": 0.0}, "Overall time for all features": {"Time Taken": 5000.298}}