{"Base": {"Occurrences": 4, "Overall Time": 2000.146, "Mean": 500.0365, "Variance": 750088502.67425, "Standard Deviation": 866.0764993199215}, "Base,FeatureA": {"Occurrences": 2, "Overall Time": 1000.09, "Mean": 500.045, "Variance": 250044001.936, "Standard Deviation": 500.044}, "Base,FeatureD": {"Occurrences": 1, "Overall Time": 2000.1, "Mean": 2000.1, "Variance": 0.0, "Standard Deviation": 0.0}, "Overall time for all features": {"Time Taken": 5000.335999999999}}