{"Base": {"Occurrences": 3, "Overall Time": 2000.116, "Mean": 666.7053333333333, "Variance": 888989336.1708887, "Standard Deviation": 942.8623102929126}, "Base,FeatureA": {"Occurrences": 1, "Overall Time": 2000.089, "Mean": 2000.089, "Variance": 0.0, "Standard Deviation": 0.0}, "Base,FeatureB": {"Occurrences": 1, "Overall Time": 2000.092, "Mean": 2000.092, "Variance": 0.0, "Standard Deviation": 0.0}, "Overall time for all features": {"Time Taken": 6000.2970000000005}}