{"Base": {"Occurrences": 3, "Overall Time": 2000.114, "Mean": 666.7046666666666, "Variance": 888988891.7015556, "Standard Deviation": 942.8620745907408}, "Base,FeatureA": {"Occurrences": 1, "Overall Time": 2000.09, "Mean": 2000.09, "Variance": 0.0, "Standard Deviation": 0.0}, "Base,FeatureB": {"Occurrences": 1, "Overall Time": 2000.097, "Mean": 2000.097, "Variance": 0.0, "Standard Deviation": 0.0}, "Overall time for all features": {"Time Taken": 6000.3009999999995}}