{"Base": {"Occurrences": 3, "Overall Time": 2000.104, "Mean": 666.7013333333334, "Variance": 888980002.3348888, "Standard Deviation": 942.8573605455327}, "Base,FeatureA": {"Occurrences": 1, "Overall Time": 2000.095, "Mean": 2000.095, "Variance": 0.0, "Standard Deviation": 0.0}, "Base,FeatureB": {"Occurrences": 1, "Overall Time": 2000.107, "Mean": 2000.107, "Variance": 0.0, "Standard Deviation": 0.0}, "Overall time for all features": {"Time Taken": 6000.3060000000005}}