{"Base": {"Occurrences": 4, "Overall Time": 6000.451, "Mean": 1500.11275, "Variance": 1250130253.5286875, "Standard Deviation": 1118.092238381381}, "Base,FeatureA": {"Occurrences": 3, "Overall Time": 0.001, "Mean": 0.0003333333333333333, "Variance": 0.00022222222222222223, "Standard Deviation": 0.0004714045207910317}, "Base,FeatureB": {"Occurrences": 2, "Overall Time": 0.001, "Mean": 0.0005, "Variance": 0.00025, "Standard Deviation": 0.0005}, "Base,FeatureB,FeatureC": {"Occurrences": 1, "Overall Time": 0.015, "Mean": 0.015, "Variance": 0.0, "Standard Deviation": 0.0}, "Base,FeatureA,FeatureC": {"Occurrences": 1, "Overall Time": 0.0, "Mean": 0.0, "Variance": 0.0, "Standard Deviation": 0.0}, "Overall time for all features": {"Time Taken": 6000.468000000001}}