{"Base": {"Occurrences": 3, "Overall Time": 2000.118, "Mean": 666.706, "Variance": 888985780.424, "Standard Deviation": 942.8604246780114}, "Base,FeatureC": {"Occurrences": 2, "Overall Time": 1000.083, "Mean": 500.0415, "Variance": 250041501.72225, "Standard Deviation": 500.0415}, "Overall time for all features": {"Time Taken": 3000.201}}