{"Base": {"Occurrences": 3, "Overall Time": 2000.125, "Mean": 666.7083333333334, "Variance": 888988002.7762221, "Standard Deviation": 942.8616031932906}, "Base,FeatureC": {"Occurrences": 2, "Overall Time": 1000.096, "Mean": 500.048, "Variance": 250047002.209, "Standard Deviation": 500.047}, "Overall time for all features": {"Time Taken": 3000.221}}