{"Base": {"Occurrences": 3, "Overall Time": 2000.11, "Mean": 666.7033333333334, "Variance": 888976002.1402222, "Standard Deviation": 942.8552392282827}, "Base,FeatureC": {"Occurrences": 2, "Overall Time": 1000.099, "Mean": 500.0495, "Variance": 250049502.45025, "Standard Deviation": 500.0495}, "Overall time for all features": {"Time Taken": 3000.209}}