{"Base": {"Occurrences": 3, "Overall Time": 2000.124, "Mean": 666.708, "Variance": 888988447.2426666, "Standard Deviation": 942.8618388940484}, "Base,FeatureC": {"Occurrences": 2, "Overall Time": 1000.095, "Mean": 500.0475, "Variance": 250046502.16225, "Standard Deviation": 500.0465}, "Overall time for all features": {"Time Taken": 3000.219}}