{"Base": {"Occurrences": 3, "Overall Time": 2000.107, "Mean": 666.7023333333334, "Variance": 888973335.3495555, "Standard Deviation": 942.853825017195}, "Base,FeatureC": {"Occurrences": 2, "Overall Time": 1000.096, "Mean": 500.048, "Variance": 250047002.209, "Standard Deviation": 500.047}, "Overall time for all features": {"Time Taken": 3000.203}}