{"Base": {"Occurrences": 3, "Overall Time": 2000.134, "Mean": 666.7113333333334, "Variance": 888996003.2348888, "Standard Deviation": 942.8658458311494}, "Base,FeatureC": {"Occurrences": 2, "Overall Time": 1000.103, "Mean": 500.0515, "Variance": 250050502.55025, "Standard Deviation": 500.0505}, "Overall time for all features": {"Time Taken": 3000.237}}