{"Base": {"Occurrences": 3, "Overall Time": 2000.123, "Mean": 666.7076666666667, "Variance": 888987558.2995557, "Standard Deviation": 942.861367487053}, "Base,FeatureC": {"Occurrences": 2, "Overall Time": 1000.093, "Mean": 500.0465, "Variance": 250045502.07025, "Standard Deviation": 500.0455}, "Overall time for all features": {"Time Taken": 3000.216}}