{"Base": {"Occurrences": 3, "Overall Time": 2000.129, "Mean": 666.7096666666666, "Variance": 888991558.5282223, "Standard Deviation": 942.8634888085455}, "Base,FeatureC": {"Occurrences": 2, "Overall Time": 1000.097, "Mean": 500.0485, "Variance": 250047502.25625, "Standard Deviation": 500.0475}, "Overall time for all features": {"Time Taken": 3000.2259999999997}}