{"Base": {"Occurrences": 3.0, "Overall Time": 2000.114, "Mean": 666.7046666666666, "Variance": 888979557.8782223, "Standard Deviation": 942.8571248488406}, "Base,FeatureC": {"Occurrences": 2.0, "Overall Time": 1000.095, "Mean": 500.0475, "Variance": 250046502.16225, "Standard Deviation": 500.0465}, "Overall time for all features": {"Time Taken": 3000.209}, "Number of Repetitions": {"Repetitions": 30}}