{"Base": {"Occurrences": 3, "Overall Time": 2000.123, "Mean": 666.7076666666667, "Variance": 888990225.1162223, "Standard Deviation": 942.8627817006154}, "Base,FeatureC": {"Occurrences": 2, "Overall Time": 1000.097, "Mean": 500.0485, "Variance": 250047502.25625, "Standard Deviation": 500.0475}, "Overall time for all features": {"Time Taken": 3000.2200000000003}}