{"Base": {"Occurrences": 3, "Overall Time": 2000.129, "Mean": 666.7096666666666, "Variance": 888994225.3508891, "Standard Deviation": 942.8649030221079}, "Base,FeatureC": {"Occurrences": 2, "Overall Time": 1000.092, "Mean": 500.046, "Variance": 250045002.025, "Standard Deviation": 500.045}, "Overall time for all features": {"Time Taken": 3000.221}}