{"Base": {"Occurrences": 3, "Overall Time": 2000.13, "Mean": 666.71, "Variance": 888991114.0606667, "Standard Deviation": 942.8632531076108}, "Base,FeatureC": {"Occurrences": 2, "Overall Time": 1000.094, "Mean": 500.047, "Variance": 250047002.209, "Standard Deviation": 500.047}, "Overall time for all features": {"Time Taken": 3000.224}}