{"Base": {"Occurrences": 3, "Overall Time": 2000.126, "Mean": 666.7086666666667, "Variance": 888990225.1162223, "Standard Deviation": 942.8627817006154}, "Base,FeatureC": {"Occurrences": 2, "Overall Time": 1000.093, "Mean": 500.0465, "Variance": 250046502.16225, "Standard Deviation": 500.0465}, "Overall time for all features": {"Time Taken": 3000.219}}