{"Base": {"Occurrences": 86404, "Overall Time": 71322.612, "Mean": 0.8254549789361604, "Variance": 1460.3002779022736, "Standard Deviation": 1.2084288468512632}, "Base,Stdout": {"Occurrences": 14, "Overall Time": 0.008, "Mean": 0.0005714285714285714, "Variance": 0.00038775510204081627, "Standard Deviation": 0.0006226998490772391}, "Base,Filter": {"Occurrences": 1, "Overall Time": 0.001, "Mean": 0.001, "Variance": 0.0, "Standard Deviation": 0.0}, "Base,Verbosity": {"Occurrences": 7, "Overall Time": 0.003, "Mean": 0.00042857142857142855, "Variance": 0.00024489795918367346, "Standard Deviation": 0.0004948716593053934}, "Base,FlushTO_val": {"Occurrences": 3, "Overall Time": 0.032, "Mean": 0.010666666666666666, "Variance": 0.22755555555555557, "Standard Deviation": 0.015084944665313014}, "Base,FlushTO_val,Threads_val": {"Occurrences": 1, "Overall Time": 0.001, "Mean": 0.001, "Variance": 0.0, "Standard Deviation": 0.0}, "Base,Cores,FlushTO_val": {"Occurrences": 1, "Overall Time": 0.001, "Mean": 0.001, "Variance": 0.0, "Standard Deviation": 0.0}, "Base,Cores": {"Occurrences": 1, "Overall Time": 0.0, "Mean": 0.0, "Variance": 0.0, "Standard Deviation": 0.0}, "Base,ForceOverwrite,Stdout": {"Occurrences": 6, "Overall Time": 0.866, "Mean": 0.14433333333333334, "Variance": 41.83022222222222, "Standard Deviation": 0.20452438050810037}, "Base,ForceOverwrite,KeepIn,Stdout": {"Occurrences": 2, "Overall Time": 0.002, "Mean": 0.001, "Variance": 0.0, "Standard Deviation": 0.0}, "Base,Threads_val": {"Occurrences": 86381, "Overall Time": 96.644, "Mean": 0.0011188108496081315, "Variance": 0.6118177798850493, "Standard Deviation": 0.024734950573733705}, "Base,KeepIn": {"Occurrences": 2, "Overall Time": 0.0, "Mean": 0.0, "Variance": 0.0, "Standard Deviation": 0.0}, "Overall time for all features": {"Time Taken": 71420.17}}