{"Base": {"Occurrences": 86404.0, "Overall Time": 71625.885, "Mean": 0.8289649206055275, "Variance": 1474.422220900356, "Standard Deviation": 1.2142578889594895}, "Base,Stdout": {"Occurrences": 14.0, "Overall Time": 0.009, "Mean": 0.0006428571428571429, "Variance": 0.0005153061224489797, "Standard Deviation": 0.0007178482586514922}, "Base,Filter": {"Occurrences": 1.0, "Overall Time": 0.0, "Mean": 0.0, "Variance": 0.0, "Standard Deviation": 0.0}, "Base,Verbosity": {"Occurrences": 7.0, "Overall Time": 0.005, "Mean": 0.0007142857142857143, "Variance": 0.00020408163265306123, "Standard Deviation": 0.00045175395145262567}, "Base,FlushTO_val": {"Occurrences": 3.0, "Overall Time": 0.035, "Mean": 0.011666666666666665, "Variance": 0.24955555555555556, "Standard Deviation": 0.01579732748143038}, "Base,FlushTO_val,Threads_val": {"Occurrences": 1.0, "Overall Time": 0.0, "Mean": 0.0, "Variance": 0.0, "Standard Deviation": 0.0}, "Base,Cores,FlushTO_val": {"Occurrences": 1.0, "Overall Time": 0.0, "Mean": 0.0, "Variance": 0.0, "Standard Deviation": 0.0}, "Base,Cores": {"Occurrences": 1.0, "Overall Time": 0.001, "Mean": 0.001, "Variance": 0.0, "Standard Deviation": 0.0}, "Base,ForceOverwrite,Stdout": {"Occurrences": 6.0, "Overall Time": 0.906, "Mean": 0.151, "Variance": 47.94533333333334, "Standard Deviation": 0.21896422843316973}, "Base,ForceOverwrite,KeepIn,Stdout": {"Occurrences": 2.0, "Overall Time": 0.002, "Mean": 0.001, "Variance": 0.0, "Standard Deviation": 0.0}, "Base,Threads_val": {"Occurrences": 86381.0, "Overall Time": 86.16, "Mean": 0.000997441567011264, "Variance": 0.6228200464753398, "Standard Deviation": 0.024956362845481705}, "Base,KeepIn": {"Occurrences": 2.0, "Overall Time": 0.0, "Mean": 0.0, "Variance": 0.0, "Standard Deviation": 0.0}, "Overall time for all features": {"Time Taken": 71713.00300000001}, "Number of Repetitions": {"Repetitions": 30}}