{"Base": {"Occurrences": 86404, "Overall Time": 25058.127, "Mean": 0.29001119161149946, "Variance": 1893624.8475275703, "Standard Deviation": 43.515799975728015}, "Base,Stdout": {"Occurrences": 14, "Overall Time": 0.006, "Mean": 0.00042857142857142855, "Variance": 0.00024489795918367346, "Standard Deviation": 0.0004948716593053934}, "Base,Filter": {"Occurrences": 1, "Overall Time": 0.001, "Mean": 0.001, "Variance": 0.0, "Standard Deviation": 0.0}, "Base,Verbosity": {"Occurrences": 7, "Overall Time": 0.006, "Mean": 0.0008571428571428571, "Variance": 0.00012244897959183676, "Standard Deviation": 0.0003499271061118826}, "Base,FlushTO_val": {"Occurrences": 4, "Overall Time": 0.004, "Mean": 0.001, "Variance": 0.003, "Standard Deviation": 0.0017320508075688772}, "Base,FlushTO_val,Threads_val": {"Occurrences": 5, "Overall Time": 0.028, "Mean": 0.0056, "Variance": 0.10423999999999999, "Standard Deviation": 0.010209799214480174}, "Base,Cores,FlushTO_val,Threads_val": {"Occurrences": 3, "Overall Time": 0.0, "Mean": 0.0, "Variance": 0.0, "Standard Deviation": 0.0}, "Base,Cores,FlushTO_val": {"Occurrences": 1, "Overall Time": 0.001, "Mean": 0.001, "Variance": 0.0, "Standard Deviation": 0.0}, "Base,Cores": {"Occurrences": 1, "Overall Time": 0.0, "Mean": 0.0, "Variance": 0.0, "Standard Deviation": 0.0}, "Base,ForceOverwrite,Stdout": {"Occurrences": 6, "Overall Time": 0.569, "Mean": 0.09483333333333333, "Variance": 19.09213888888889, "Standard Deviation": 0.13817430618204274}, "Base,ForceOverwrite,KeepIn,Stdout": {"Occurrences": 2, "Overall Time": 0.0, "Mean": 0.0, "Variance": 0.0, "Standard Deviation": 0.0}, "Base,Threads_val": {"Occurrences": 86381, "Overall Time": 71.636, "Mean": 0.0008293027401859206, "Variance": 0.0007708879140556533, "Standard Deviation": 0.0008780022289582489}, "Base,KeepIn": {"Occurrences": 2, "Overall Time": 0.001, "Mean": 0.0005, "Variance": 0.00025, "Standard Deviation": 0.0005}, "Overall time for all features": {"Time Taken": 25130.379}}