{"Base": {"Occurrences": 7, "Overall Time": 2000.126, "Mean": 285.73228571428575, "Variance": 489851919.9702042, "Standard Deviation": 699.8942205577956}, "Base,FeatureA": {"Occurrences": 2, "Overall Time": 1000.09, "Mean": 500.045, "Variance": 250045002.025, "Standard Deviation": 500.045}, "Base,FeatureB": {"Occurrences": 2, "Overall Time": 2000.093, "Mean": 1000.0465, "Variance": 1000089001.98025, "Standard Deviation": 1000.0445}, "Base,FeatureC": {"Occurrences": 2, "Overall Time": 1000.104, "Mean": 500.052, "Variance": 250052002.704, "Standard Deviation": 500.052}, "Base,FeatureD": {"Occurrences": 2, "Overall Time": 2000.101, "Mean": 1000.0505, "Variance": 1000101002.55025, "Standard Deviation": 1000.0505}, "Base,FeatureA,FeatureB": {"Occurrences": 1, "Overall Time": 2000.122, "Mean": 2000.122, "Variance": 0.0, "Standard Deviation": 0.0}, "Base,FeatureC,FeatureD": {"Occurrences": 1, "Overall Time": 0.027, "Mean": 0.027, "Variance": 0.0, "Standard Deviation": 0.0}, "Overall time for all features": {"Time Taken": 10000.663}}