{"Base": {"Occurrences": 7, "Overall Time": 2000.147, "Mean": 285.73528571428574, "Variance": 489861634.859347, "Standard Deviation": 699.9011607786823}, "Base,FeatureA": {"Occurrences": 2, "Overall Time": 1000.099, "Mean": 500.0495, "Variance": 250048502.35225, "Standard Deviation": 500.0485}, "Base,FeatureB": {"Occurrences": 2, "Overall Time": 2000.103, "Mean": 1000.0515, "Variance": 1000099002.45025, "Standard Deviation": 1000.0495}, "Base,FeatureC": {"Occurrences": 2, "Overall Time": 1000.114, "Mean": 500.057, "Variance": 250056003.136, "Standard Deviation": 500.056}, "Base,FeatureD": {"Occurrences": 2, "Overall Time": 2000.128, "Mean": 1000.064, "Variance": 1000128004.096, "Standard Deviation": 1000.064}, "Base,FeatureA,FeatureB": {"Occurrences": 1, "Overall Time": 2000.126, "Mean": 2000.126, "Variance": 0.0, "Standard Deviation": 0.0}, "Base,FeatureC,FeatureD": {"Occurrences": 1, "Overall Time": 0.026, "Mean": 0.026, "Variance": 0.0, "Standard Deviation": 0.0}, "Overall time for all features": {"Time Taken": 10000.742999999999}}