{"Base": {"Occurrences": 7, "Overall Time": 2000.123, "Mean": 285.73185714285717, "Variance": 489849307.5818366, "Standard Deviation": 699.892354281597}, "Base,FeatureA": {"Occurrences": 2, "Overall Time": 1000.087, "Mean": 500.0435, "Variance": 250042501.80625, "Standard Deviation": 500.0425}, "Base,FeatureB": {"Occurrences": 2, "Overall Time": 2000.073, "Mean": 1000.0365, "Variance": 1000071001.26025, "Standard Deviation": 1000.0355}, "Base,FeatureC": {"Occurrences": 2, "Overall Time": 1000.1, "Mean": 500.05, "Variance": 250050002.5, "Standard Deviation": 500.05}, "Base,FeatureD": {"Occurrences": 2, "Overall Time": 2000.103, "Mean": 1000.0515, "Variance": 1000101002.55025, "Standard Deviation": 1000.0505}, "Base,FeatureA,FeatureB": {"Occurrences": 1, "Overall Time": 2000.094, "Mean": 2000.094, "Variance": 0.0, "Standard Deviation": 0.0}, "Base,FeatureC,FeatureD": {"Occurrences": 1, "Overall Time": 0.018, "Mean": 0.018, "Variance": 0.0, "Standard Deviation": 0.0}, "Overall time for all features": {"Time Taken": 10000.598000000002}}