{"Base": {"Occurrences": 7, "Overall Time": 2000.127, "Mean": 285.73242857142856, "Variance": 489852409.7931019, "Standard Deviation": 699.8945704840851}, "Base,FeatureA": {"Occurrences": 2, "Overall Time": 1000.096, "Mean": 500.048, "Variance": 250048002.304, "Standard Deviation": 500.048}, "Base,FeatureB": {"Occurrences": 2, "Overall Time": 2000.099, "Mean": 1000.0495, "Variance": 1000095002.25625, "Standard Deviation": 1000.0475}, "Base,FeatureC": {"Occurrences": 2, "Overall Time": 1000.112, "Mean": 500.056, "Variance": 250056003.136, "Standard Deviation": 500.056}, "Base,FeatureD": {"Occurrences": 2, "Overall Time": 2000.104, "Mean": 1000.052, "Variance": 1000102002.601, "Standard Deviation": 1000.051}, "Base,FeatureA,FeatureB": {"Occurrences": 1, "Overall Time": 2000.102, "Mean": 2000.102, "Variance": 0.0, "Standard Deviation": 0.0}, "Base,FeatureC,FeatureD": {"Occurrences": 1, "Overall Time": 0.026, "Mean": 0.026, "Variance": 0.0, "Standard Deviation": 0.0}, "Overall time for all features": {"Time Taken": 10000.666000000001}}