{"Base": {"Occurrences": 7, "Overall Time": 2000.129, "Mean": 285.7327142857143, "Variance": 489851675.0579183, "Standard Deviation": 699.8940455939872}, "Base,FeatureA": {"Occurrences": 2, "Overall Time": 1000.083, "Mean": 500.0415, "Variance": 250041501.72225, "Standard Deviation": 500.0415}, "Base,FeatureB": {"Occurrences": 2, "Overall Time": 2000.091, "Mean": 1000.0455, "Variance": 1000087001.89225, "Standard Deviation": 1000.0435}, "Base,FeatureC": {"Occurrences": 2, "Overall Time": 1000.102, "Mean": 500.051, "Variance": 250051002.601, "Standard Deviation": 500.051}, "Base,FeatureD": {"Occurrences": 2, "Overall Time": 2000.097, "Mean": 1000.0485, "Variance": 1000095002.25625, "Standard Deviation": 1000.0475}, "Base,FeatureA,FeatureB": {"Occurrences": 1, "Overall Time": 2000.096, "Mean": 2000.096, "Variance": 0.0, "Standard Deviation": 0.0}, "Base,FeatureC,FeatureD": {"Occurrences": 1, "Overall Time": 0.025, "Mean": 0.025, "Variance": 0.0, "Standard Deviation": 0.0}, "Overall time for all features": {"Time Taken": 10000.623}}