{"Base": {"Occurrences": 7, "Overall Time": 2000.119, "Mean": 285.7312857142857, "Variance": 489848491.21048987, "Standard Deviation": 699.8917710692774}, "Base,FeatureA": {"Occurrences": 2, "Overall Time": 1000.1, "Mean": 500.05, "Variance": 250050002.5, "Standard Deviation": 500.05}, "Base,FeatureB": {"Occurrences": 2, "Overall Time": 2000.115, "Mean": 1000.0575, "Variance": 1000111003.08025, "Standard Deviation": 1000.0555}, "Base,FeatureC": {"Occurrences": 2, "Overall Time": 1000.141, "Mean": 500.0705, "Variance": 250070504.97025, "Standard Deviation": 500.0705}, "Base,FeatureD": {"Occurrences": 2, "Overall Time": 2000.113, "Mean": 1000.0565, "Variance": 1000111003.08025, "Standard Deviation": 1000.0555}, "Base,FeatureA,FeatureB": {"Occurrences": 1, "Overall Time": 2000.118, "Mean": 2000.118, "Variance": 0.0, "Standard Deviation": 0.0}, "Base,FeatureC,FeatureD": {"Occurrences": 1, "Overall Time": 0.013, "Mean": 0.013, "Variance": 0.0, "Standard Deviation": 0.0}, "Overall time for all features": {"Time Taken": 10000.719000000001}}