{"Base": {"Occurrences": 7, "Overall Time": 2000.128, "Mean": 285.7325714285714, "Variance": 489851756.6962451, "Standard Deviation": 699.8941039159031}, "Base,FeatureA": {"Occurrences": 2, "Overall Time": 1000.095, "Mean": 500.0475, "Variance": 250046502.16225, "Standard Deviation": 500.0465}, "Base,FeatureB": {"Occurrences": 2, "Overall Time": 2000.099, "Mean": 1000.0495, "Variance": 1000095002.25625, "Standard Deviation": 1000.0475}, "Base,FeatureC": {"Occurrences": 2, "Overall Time": 1000.098, "Mean": 500.049, "Variance": 250049002.401, "Standard Deviation": 500.049}, "Base,FeatureD": {"Occurrences": 2, "Overall Time": 2000.103, "Mean": 1000.0515, "Variance": 1000101002.55025, "Standard Deviation": 1000.0505}, "Base,FeatureA,FeatureB": {"Occurrences": 1, "Overall Time": 2000.112, "Mean": 2000.112, "Variance": 0.0, "Standard Deviation": 0.0}, "Base,FeatureC,FeatureD": {"Occurrences": 1, "Overall Time": 0.026, "Mean": 0.026, "Variance": 0.0, "Standard Deviation": 0.0}, "Overall time for all features": {"Time Taken": 10000.661}}