{"Base": {"Occurrences": 86404, "Overall Time": 21152.404, "Mean": 0.24480815702976713, "Variance": 32140.616429355254, "Standard Deviation": 5.669269479338167}, "Base,Stdout": {"Occurrences": 14, "Overall Time": 0.009, "Mean": 0.0006428571428571429, "Variance": 0.00037244897959183684, "Standard Deviation": 0.0006102859818083951}, "Base,Filter": {"Occurrences": 1, "Overall Time": 0.001, "Mean": 0.001, "Variance": 0.0, "Standard Deviation": 0.0}, "Base,Verbosity": {"Occurrences": 7, "Overall Time": 0.004, "Mean": 0.0005714285714285714, "Variance": 0.00024489795918367346, "Standard Deviation": 0.0004948716593053935}, "Base,FlushTO_val": {"Occurrences": 4, "Overall Time": 0.005, "Mean": 0.00125, "Variance": 0.0046875, "Standard Deviation": 0.0021650635094610966}, "Base,FlushTO_val,Threads_val": {"Occurrences": 5, "Overall Time": 0.027, "Mean": 0.0054, "Variance": 0.10624000000000001, "Standard Deviation": 0.010307278981380102}, "Base,Cores,FlushTO_val,Threads_val": {"Occurrences": 3, "Overall Time": 0.001, "Mean": 0.0003333333333333333, "Variance": 0.00022222222222222223, "Standard Deviation": 0.0004714045207910317}, "Base,Cores,FlushTO_val": {"Occurrences": 1, "Overall Time": 0.001, "Mean": 0.001, "Variance": 0.0, "Standard Deviation": 0.0}, "Base,Cores": {"Occurrences": 1, "Overall Time": 0.0, "Mean": 0.0, "Variance": 0.0, "Standard Deviation": 0.0}, "Base,ForceOverwrite,Stdout": {"Occurrences": 6, "Overall Time": 0.566, "Mean": 0.09433333333333332, "Variance": 17.872555555555557, "Standard Deviation": 0.13368827755474882}, "Base,ForceOverwrite,KeepIn,Stdout": {"Occurrences": 2, "Overall Time": 0.001, "Mean": 0.0005, "Variance": 0.00025, "Standard Deviation": 0.0005}, "Base,Threads_val": {"Occurrences": 86381, "Overall Time": 94.427, "Mean": 0.0010931454833817621, "Variance": 0.0007688097086247014, "Standard Deviation": 0.0008768179449718747}, "Base,KeepIn": {"Occurrences": 2, "Overall Time": 0.001, "Mean": 0.0005, "Variance": 0.00025, "Standard Deviation": 0.0005}, "Overall time for all features": {"Time Taken": 21247.446999999996}}