{"Base": {"Occurrences": 4, "Overall Time": 2000.135, "Mean": 500.03375, "Variance": 750096253.0901875, "Standard Deviation": 866.0809737490989}, "Base,FeatureA": {"Occurrences": 2, "Overall Time": 1000.104, "Mean": 500.052, "Variance": 250051002.601, "Standard Deviation": 500.051}, "Base,FeatureB": {"Occurrences": 2, "Overall Time": 2000.096, "Mean": 1000.048, "Variance": 1000092002.116, "Standard Deviation": 1000.046}, "Base,FeatureA,FeatureB": {"Occurrences": 1, "Overall Time": 2000.108, "Mean": 2000.108, "Variance": 0.0, "Standard Deviation": 0.0}, "Overall time for all features": {"Time Taken": 7000.443}}