{"Base": {"Occurrences": 4, "Overall Time": 2000.116, "Mean": 500.029, "Variance": 750079002.0845, "Standard Deviation": 866.0710144581101}, "Base,FeatureA": {"Occurrences": 2, "Overall Time": 1000.091, "Mean": 500.0455, "Variance": 250045502.07025, "Standard Deviation": 500.0455}, "Base,FeatureB": {"Occurrences": 2, "Overall Time": 2000.126, "Mean": 1000.063, "Variance": 1000126003.969, "Standard Deviation": 1000.063}, "Base,FeatureA,FeatureB": {"Occurrences": 1, "Overall Time": 2000.114, "Mean": 2000.114, "Variance": 0.0, "Standard Deviation": 0.0}, "Overall time for all features": {"Time Taken": 7000.447}}