{"Base": {"Occurrences": 4, "Overall Time": 2000.119, "Mean": 500.02975, "Variance": 750085252.4236875, "Standard Deviation": 866.0746228955605}, "Base,FeatureA": {"Occurrences": 2, "Overall Time": 1000.083, "Mean": 500.0415, "Variance": 250040501.64025, "Standard Deviation": 500.0405}, "Base,FeatureB": {"Occurrences": 2, "Overall Time": 2000.095, "Mean": 1000.0475, "Variance": 1000093002.16225, "Standard Deviation": 1000.0465}, "Base,FeatureA,FeatureB": {"Occurrences": 1, "Overall Time": 2000.125, "Mean": 2000.125, "Variance": 0.0, "Standard Deviation": 0.0}, "Overall time for all features": {"Time Taken": 7000.422}}