{"Base": {"Occurrences": 4, "Overall Time": 2000.139, "Mean": 500.03475, "Variance": 750088252.6241875, "Standard Deviation": 866.0763549619556}, "Base,FeatureA": {"Occurrences": 2, "Overall Time": 1000.117, "Mean": 500.0585, "Variance": 250058503.42225, "Standard Deviation": 500.0585}, "Base,FeatureB": {"Occurrences": 2, "Overall Time": 2000.092, "Mean": 1000.046, "Variance": 1000092002.116, "Standard Deviation": 1000.046}, "Base,FeatureA,FeatureB": {"Occurrences": 1, "Overall Time": 2000.106, "Mean": 2000.106, "Variance": 0.0, "Standard Deviation": 0.0}, "Overall time for all features": {"Time Taken": 7000.454}}