{"Base": {"Occurrences": 4, "Overall Time": 2000.146, "Mean": 500.0365, "Variance": 750101503.44475, "Standard Deviation": 866.0840048429194}, "Base,FeatureA": {"Occurrences": 2, "Overall Time": 1000.105, "Mean": 500.0525, "Variance": 250052502.75625, "Standard Deviation": 500.0525}, "Base,FeatureB": {"Occurrences": 2, "Overall Time": 2000.104, "Mean": 1000.052, "Variance": 1000102002.601, "Standard Deviation": 1000.051}, "Base,FeatureA,FeatureB": {"Occurrences": 1, "Overall Time": 2000.125, "Mean": 2000.125, "Variance": 0.0, "Standard Deviation": 0.0}, "Overall time for all features": {"Time Taken": 7000.4800000000005}}