{"Base": {"Occurrences": 4, "Overall Time": 2000.134, "Mean": 500.0335, "Variance": 750084502.41525, "Standard Deviation": 866.0741899024875}, "Base,FeatureA": {"Occurrences": 2, "Overall Time": 1000.103, "Mean": 500.0515, "Variance": 250050502.55025, "Standard Deviation": 500.0505}, "Base,FeatureB": {"Occurrences": 2, "Overall Time": 2000.11, "Mean": 1000.055, "Variance": 1000108002.916, "Standard Deviation": 1000.054}, "Base,FeatureA,FeatureB": {"Occurrences": 1, "Overall Time": 2000.129, "Mean": 2000.129, "Variance": 0.0, "Standard Deviation": 0.0}, "Overall time for all features": {"Time Taken": 7000.476}}