{"Base": {"Occurrences": 4, "Overall Time": 2000.11, "Mean": 500.0275, "Variance": 750076501.95425, "Standard Deviation": 866.0695710820523}, "Base,FeatureA": {"Occurrences": 2, "Overall Time": 1000.111, "Mean": 500.0555, "Variance": 250054502.97025, "Standard Deviation": 500.0545}, "Base,FeatureB": {"Occurrences": 2, "Overall Time": 2000.093, "Mean": 1000.0465, "Variance": 1000091002.07025, "Standard Deviation": 1000.0455}, "Base,FeatureA,FeatureB": {"Occurrences": 1, "Overall Time": 2000.122, "Mean": 2000.122, "Variance": 0.0, "Standard Deviation": 0.0}, "Overall time for all features": {"Time Taken": 7000.436000000001}}