{"Base": {"Occurrences": 6, "Overall Time": 2000.149, "Mean": 333.3581666666667, "Variance": 555631002.5711391, "Standard Deviation": 745.4066021783943}, "Base,FeatureA": {"Occurrences": 2, "Overall Time": 1000.128, "Mean": 500.064, "Variance": 250063003.969, "Standard Deviation": 500.063}, "Base,FeatureB": {"Occurrences": 2, "Overall Time": 2000.111, "Mean": 1000.0555, "Variance": 1000109002.97025, "Standard Deviation": 1000.0545}, "Base,FeatureC": {"Occurrences": 2, "Overall Time": 1000.126, "Mean": 500.063, "Variance": 250063003.969, "Standard Deviation": 500.063}, "Base,FeatureA,FeatureB": {"Occurrences": 1, "Overall Time": 2000.113, "Mean": 2000.113, "Variance": 0.0, "Standard Deviation": 0.0}, "Overall time for all features": {"Time Taken": 8000.627}}