{"Base": {"Occurrences": 6, "Overall Time": 2000.111, "Mean": 333.35183333333333, "Variance": 555613223.7218056, "Standard Deviation": 745.3946764780424}, "Base,FeatureA": {"Occurrences": 2, "Overall Time": 1000.113, "Mean": 500.0565, "Variance": 250056503.19225, "Standard Deviation": 500.0565}, "Base,FeatureB": {"Occurrences": 2, "Overall Time": 2000.117, "Mean": 1000.0585, "Variance": 1000115003.30625, "Standard Deviation": 1000.0575}, "Base,FeatureC": {"Occurrences": 2, "Overall Time": 1000.111, "Mean": 500.0555, "Variance": 250054502.97025, "Standard Deviation": 500.0545}, "Base,FeatureA,FeatureB": {"Occurrences": 1, "Overall Time": 2000.1, "Mean": 2000.1, "Variance": 0.0, "Standard Deviation": 0.0}, "Overall time for all features": {"Time Taken": 8000.552}}