{"Base": {"Occurrences": 6, "Overall Time": 2000.123, "Mean": 333.35383333333334, "Variance": 555615890.5334724, "Standard Deviation": 745.3964653347052}, "Base,FeatureA": {"Occurrences": 2, "Overall Time": 1000.118, "Mean": 500.059, "Variance": 250059003.481, "Standard Deviation": 500.059}, "Base,FeatureB": {"Occurrences": 2, "Overall Time": 2000.091, "Mean": 1000.0455, "Variance": 1000089001.98025, "Standard Deviation": 1000.0445}, "Base,FeatureC": {"Occurrences": 2, "Overall Time": 1000.104, "Mean": 500.052, "Variance": 250052002.704, "Standard Deviation": 500.052}, "Base,FeatureA,FeatureB": {"Occurrences": 1, "Overall Time": 2000.126, "Mean": 2000.126, "Variance": 0.0, "Standard Deviation": 0.0}, "Overall time for all features": {"Time Taken": 8000.562000000001}}