{"Base": {"Occurrences": 6, "Overall Time": 2000.122, "Mean": 333.3536666666667, "Variance": 555618001.7588891, "Standard Deviation": 745.3978815095259}, "Base,FeatureA": {"Occurrences": 2, "Overall Time": 1000.093, "Mean": 500.0465, "Variance": 250046502.16225, "Standard Deviation": 500.0465}, "Base,FeatureB": {"Occurrences": 2, "Overall Time": 2000.126, "Mean": 1000.063, "Variance": 1000122003.721, "Standard Deviation": 1000.061}, "Base,FeatureC": {"Occurrences": 2, "Overall Time": 1000.142, "Mean": 500.071, "Variance": 250070004.9, "Standard Deviation": 500.07}, "Base,FeatureA,FeatureB": {"Occurrences": 1, "Overall Time": 2000.121, "Mean": 2000.121, "Variance": 0.0, "Standard Deviation": 0.0}, "Overall time for all features": {"Time Taken": 8000.604}}