{"Base": {"Occurrences": 6, "Overall Time": 2000.127, "Mean": 333.3545, "Variance": 555620779.69625, "Standard Deviation": 745.3997448995069}, "Base,FeatureA": {"Occurrences": 2, "Overall Time": 1000.101, "Mean": 500.0505, "Variance": 250049502.45025, "Standard Deviation": 500.0495}, "Base,FeatureB": {"Occurrences": 2, "Overall Time": 2000.091, "Mean": 1000.0455, "Variance": 1000089001.98025, "Standard Deviation": 1000.0445}, "Base,FeatureC": {"Occurrences": 2, "Overall Time": 1000.107, "Mean": 500.0535, "Variance": 250052502.75625, "Standard Deviation": 500.0525}, "Base,FeatureA,FeatureB": {"Occurrences": 1, "Overall Time": 2000.092, "Mean": 2000.092, "Variance": 0.0, "Standard Deviation": 0.0}, "Overall time for all features": {"Time Taken": 8000.518}}