{"Base": {"Occurrences": 6, "Overall Time": 2000.114, "Mean": 333.3523333333333, "Variance": 555615557.1775557, "Standard Deviation": 745.3962417248665}, "Base,FeatureA": {"Occurrences": 2, "Overall Time": 1000.097, "Mean": 500.0485, "Variance": 250048502.35225, "Standard Deviation": 500.0485}, "Base,FeatureB": {"Occurrences": 2, "Overall Time": 2000.101, "Mean": 1000.0505, "Variance": 1000101002.55025, "Standard Deviation": 1000.0505}, "Base,FeatureC": {"Occurrences": 2, "Overall Time": 1000.083, "Mean": 500.0415, "Variance": 250041501.72225, "Standard Deviation": 500.0415}, "Base,FeatureA,FeatureB": {"Occurrences": 1, "Overall Time": 2000.072, "Mean": 2000.072, "Variance": 0.0, "Standard Deviation": 0.0}, "Overall time for all features": {"Time Taken": 8000.467}}