{"Base": {"Occurrences": 6, "Overall Time": 2000.118, "Mean": 333.353, "Variance": 555613779.3103334, "Standard Deviation": 745.3950491587218}, "Base,FeatureA": {"Occurrences": 2, "Overall Time": 1000.107, "Mean": 500.0535, "Variance": 250053502.86225, "Standard Deviation": 500.0535}, "Base,FeatureB": {"Occurrences": 2, "Overall Time": 2000.088, "Mean": 1000.044, "Variance": 1000088001.936, "Standard Deviation": 1000.044}, "Base,FeatureC": {"Occurrences": 2, "Overall Time": 1000.121, "Mean": 500.0605, "Variance": 250060503.66025, "Standard Deviation": 500.0605}, "Base,FeatureA,FeatureB": {"Occurrences": 1, "Overall Time": 2000.095, "Mean": 2000.095, "Variance": 0.0, "Standard Deviation": 0.0}, "Overall time for all features": {"Time Taken": 8000.529}}