{"Base": {"Occurrences": 6, "Overall Time": 2000.12, "Mean": 333.3533333333333, "Variance": 555616890.5828891, "Standard Deviation": 745.3971361515208}, "Base,FeatureA": {"Occurrences": 2, "Overall Time": 1000.121, "Mean": 500.0605, "Variance": 250059503.54025, "Standard Deviation": 500.0595}, "Base,FeatureB": {"Occurrences": 2, "Overall Time": 2000.119, "Mean": 1000.0595, "Variance": 1000113003.19225, "Standard Deviation": 1000.0565}, "Base,FeatureC": {"Occurrences": 2, "Overall Time": 1000.116, "Mean": 500.058, "Variance": 250058003.364, "Standard Deviation": 500.058}, "Base,FeatureA,FeatureB": {"Occurrences": 1, "Overall Time": 2000.141, "Mean": 2000.141, "Variance": 0.0, "Standard Deviation": 0.0}, "Overall time for all features": {"Time Taken": 8000.617}}