{"Base": {"Occurrences": 6, "Overall Time": 2000.137, "Mean": 333.3561666666667, "Variance": 555622335.3578055, "Standard Deviation": 745.400788407019}, "Base,FeatureA": {"Occurrences": 2, "Overall Time": 1000.121, "Mean": 500.0605, "Variance": 250059503.54025, "Standard Deviation": 500.0595}, "Base,FeatureB": {"Occurrences": 2, "Overall Time": 2000.09, "Mean": 1000.045, "Variance": 1000086001.849, "Standard Deviation": 1000.043}, "Base,FeatureC": {"Occurrences": 2, "Overall Time": 1000.111, "Mean": 500.0555, "Variance": 250054502.97025, "Standard Deviation": 500.0545}, "Base,FeatureA,FeatureB": {"Occurrences": 1, "Overall Time": 2000.09, "Mean": 2000.09, "Variance": 0.0, "Standard Deviation": 0.0}, "Overall time for all features": {"Time Taken": 8000.549}}