{"Base": {"Occurrences": 6, "Overall Time": 2000.134, "Mean": 333.3556666666667, "Variance": 555620001.8822222, "Standard Deviation": 745.3992231564386}, "Base,FeatureA": {"Occurrences": 2, "Overall Time": 1000.112, "Mean": 500.056, "Variance": 250056003.136, "Standard Deviation": 500.056}, "Base,FeatureB": {"Occurrences": 2, "Overall Time": 2000.075, "Mean": 1000.0375, "Variance": 1000075001.40625, "Standard Deviation": 1000.0375}, "Base,FeatureC": {"Occurrences": 2, "Overall Time": 1000.107, "Mean": 500.0535, "Variance": 250053502.86225, "Standard Deviation": 500.0535}, "Base,FeatureA,FeatureB": {"Occurrences": 1, "Overall Time": 2000.117, "Mean": 2000.117, "Variance": 0.0, "Standard Deviation": 0.0}, "Overall time for all features": {"Time Taken": 8000.545}}