{"Base": {"Occurrences": 86404, "Overall Time": 8577.34, "Mean": 0.09927017267719088, "Variance": 104940.73745307031, "Standard Deviation": 10.244058641625902}, "Base,Stdout": {"Occurrences": 14, "Overall Time": 0.01, "Mean": 0.0007142857142857143, "Variance": 0.00034693877551020415, "Standard Deviation": 0.0005890150893739515}, "Base,Filter": {"Occurrences": 1, "Overall Time": 0.001, "Mean": 0.001, "Variance": 0.0, "Standard Deviation": 0.0}, "Base,Verbosity": {"Occurrences": 7, "Overall Time": 0.001, "Mean": 0.00014285714285714284, "Variance": 0.00012244897959183676, "Standard Deviation": 0.0003499271061118826}, "Base,FlushTO_val": {"Occurrences": 4, "Overall Time": 0.006, "Mean": 0.0015, "Variance": 0.00675, "Standard Deviation": 0.002598076211353316}, "Base,FlushTO_val,Threads_val": {"Occurrences": 5, "Overall Time": 0.028, "Mean": 0.0056, "Variance": 0.11463999999999999, "Standard Deviation": 0.010707007051459338}, "Base,Cores,FlushTO_val,Threads_val": {"Occurrences": 3, "Overall Time": 0.001, "Mean": 0.0003333333333333333, "Variance": 0.00022222222222222223, "Standard Deviation": 0.0004714045207910317}, "Base,Cores,FlushTO_val": {"Occurrences": 1, "Overall Time": 0.0, "Mean": 0.0, "Variance": 0.0, "Standard Deviation": 0.0}, "Base,Cores": {"Occurrences": 1, "Overall Time": 0.001, "Mean": 0.001, "Variance": 0.0, "Standard Deviation": 0.0}, "Base,ForceOverwrite,Stdout": {"Occurrences": 6, "Overall Time": 0.553, "Mean": 0.09216666666666667, "Variance": 17.51380555555555, "Standard Deviation": 0.13233973536151397}, "Base,ForceOverwrite,KeepIn,Stdout": {"Occurrences": 2, "Overall Time": 0.0, "Mean": 0.0, "Variance": 0.0, "Standard Deviation": 0.0}, "Base,Threads_val": {"Occurrences": 86381, "Overall Time": 73.364, "Mean": 0.0008493071393014667, "Variance": 0.0006339059634906659, "Standard Deviation": 0.0007961821170377201}, "Base,KeepIn": {"Occurrences": 2, "Overall Time": 0.001, "Mean": 0.0005, "Variance": 0.00025, "Standard Deviation": 0.0005}, "Overall time for all features": {"Time Taken": 8651.306}}