{"Base": {"Occurrences": 86404, "Overall Time": 5180.725, "Mean": 0.05995931901300866, "Variance": 5385.930556062292, "Standard Deviation": 2.320760770967635}, "Base,Stdout": {"Occurrences": 14, "Overall Time": 0.005, "Mean": 0.00035714285714285714, "Variance": 0.0002295918367346938, "Standard Deviation": 0.00047915742374995485}, "Base,Filter": {"Occurrences": 1, "Overall Time": 0.0, "Mean": 0.0, "Variance": 0.0, "Standard Deviation": 0.0}, "Base,Verbosity": {"Occurrences": 7, "Overall Time": 0.005, "Mean": 0.0007142857142857143, "Variance": 0.00020408163265306129, "Standard Deviation": 0.0004517539514526257}, "Base,FlushTO_val": {"Occurrences": 4, "Overall Time": 0.006, "Mean": 0.0015, "Variance": 0.00675, "Standard Deviation": 0.002598076211353316}, "Base,FlushTO_val,Threads_val": {"Occurrences": 5, "Overall Time": 0.031, "Mean": 0.0062, "Variance": 0.13016000000000003, "Standard Deviation": 0.011408768557561328}, "Base,Cores,FlushTO_val,Threads_val": {"Occurrences": 3, "Overall Time": 0.001, "Mean": 0.0003333333333333333, "Variance": 0.00022222222222222223, "Standard Deviation": 0.0004714045207910317}, "Base,Cores,FlushTO_val": {"Occurrences": 1, "Overall Time": 0.001, "Mean": 0.001, "Variance": 0.0, "Standard Deviation": 0.0}, "Base,Cores": {"Occurrences": 1, "Overall Time": 0.001, "Mean": 0.001, "Variance": 0.0, "Standard Deviation": 0.0}, "Base,ForceOverwrite,Stdout": {"Occurrences": 6, "Overall Time": 0.584, "Mean": 0.09733333333333333, "Variance": 19.42855555555556, "Standard Deviation": 0.1393863535485291}, "Base,ForceOverwrite,KeepIn,Stdout": {"Occurrences": 2, "Overall Time": 0.002, "Mean": 0.001, "Variance": 0.0, "Standard Deviation": 0.0}, "Base,Threads_val": {"Occurrences": 86381, "Overall Time": 74.084, "Mean": 0.0008576423055996111, "Variance": 0.0005542240473247406, "Standard Deviation": 0.000744462253794469}, "Base,KeepIn": {"Occurrences": 2, "Overall Time": 0.001, "Mean": 0.0005, "Variance": 0.00025, "Standard Deviation": 0.0005}, "Overall time for all features": {"Time Taken": 5255.446000000002}}