{"Base": {"Occurrences": 6, "Overall Time": 2000.129, "Mean": 333.3548333333333, "Variance": 555619890.7584723, "Standard Deviation": 745.3991486166807}, "Base,FeatureA": {"Occurrences": 2, "Overall Time": 1000.105, "Mean": 500.0525, "Variance": 250051502.65225, "Standard Deviation": 500.0515}, "Base,FeatureC": {"Occurrences": 2, "Overall Time": 1000.077, "Mean": 500.0385, "Variance": 250037501.40625, "Standard Deviation": 500.0375}, "Base,FeatureD": {"Occurrences": 2, "Overall Time": 2000.106, "Mean": 1000.053, "Variance": 1000106002.809, "Standard Deviation": 1000.053}, "Base,FeatureC,FeatureD": {"Occurrences": 1, "Overall Time": 0.028, "Mean": 0.028, "Variance": 0.0, "Standard Deviation": 0.0}, "Overall time for all features": {"Time Taken": 6000.445}}