{"Base": {"Occurrences": 6, "Overall Time": 2000.127, "Mean": 333.3545, "Variance": 555620112.9945834, "Standard Deviation": 745.3992976885498}, "Base,FeatureA": {"Occurrences": 2, "Overall Time": 1000.099, "Mean": 500.0495, "Variance": 250048502.35225, "Standard Deviation": 500.0485}, "Base,FeatureC": {"Occurrences": 2, "Overall Time": 1000.087, "Mean": 500.0435, "Variance": 250042501.80625, "Standard Deviation": 500.0425}, "Base,FeatureD": {"Occurrences": 2, "Overall Time": 2000.103, "Mean": 1000.0515, "Variance": 1000103002.65225, "Standard Deviation": 1000.0515}, "Base,FeatureC,FeatureD": {"Occurrences": 1, "Overall Time": 0.024, "Mean": 0.024, "Variance": 0.0, "Standard Deviation": 0.0}, "Overall time for all features": {"Time Taken": 6000.4400000000005}}