{"Base": {"Occurrences": 6, "Overall Time": 2000.136, "Mean": 333.356, "Variance": 555623113.174, "Standard Deviation": 745.401310150445}, "Base,FeatureA": {"Occurrences": 2, "Overall Time": 1000.094, "Mean": 500.047, "Variance": 250047002.209, "Standard Deviation": 500.047}, "Base,FeatureC": {"Occurrences": 2, "Overall Time": 1000.078, "Mean": 500.039, "Variance": 250039001.521, "Standard Deviation": 500.039}, "Base,FeatureD": {"Occurrences": 2, "Overall Time": 2000.105, "Mean": 1000.0525, "Variance": 1000103002.65225, "Standard Deviation": 1000.0515}, "Base,FeatureC,FeatureD": {"Occurrences": 1, "Overall Time": 0.027, "Mean": 0.027, "Variance": 0.0, "Standard Deviation": 0.0}, "Overall time for all features": {"Time Taken": 6000.4400000000005}}