{"Base": {"Occurrences": 6, "Overall Time": 2000.123, "Mean": 333.35383333333334, "Variance": 555616557.2348058, "Standard Deviation": 745.3969125471381}, "Base,FeatureA": {"Occurrences": 2, "Overall Time": 1000.093, "Mean": 500.0465, "Variance": 250046502.16225, "Standard Deviation": 500.0465}, "Base,FeatureC": {"Occurrences": 2, "Overall Time": 1000.082, "Mean": 500.041, "Variance": 250041001.681, "Standard Deviation": 500.041}, "Base,FeatureD": {"Occurrences": 2, "Overall Time": 2000.101, "Mean": 1000.0505, "Variance": 1000101002.55025, "Standard Deviation": 1000.0505}, "Base,FeatureC,FeatureD": {"Occurrences": 1, "Overall Time": 0.025, "Mean": 0.025, "Variance": 0.0, "Standard Deviation": 0.0}, "Overall time for all features": {"Time Taken": 6000.423999999999}}