{"Base": {"Occurrences": 6, "Overall Time": 2000.135, "Mean": 333.3558333333333, "Variance": 555620557.4704723, "Standard Deviation": 745.3995958346585}, "Base,FeatureA": {"Occurrences": 2, "Overall Time": 1000.11, "Mean": 500.055, "Variance": 250055003.025, "Standard Deviation": 500.055}, "Base,FeatureC": {"Occurrences": 2, "Overall Time": 1000.114, "Mean": 500.057, "Variance": 250057003.249, "Standard Deviation": 500.057}, "Base,FeatureD": {"Occurrences": 2, "Overall Time": 2000.111, "Mean": 1000.0555, "Variance": 1000109002.97025, "Standard Deviation": 1000.0545}, "Base,FeatureC,FeatureD": {"Occurrences": 1, "Overall Time": 0.026, "Mean": 0.026, "Variance": 0.0, "Standard Deviation": 0.0}, "Overall time for all features": {"Time Taken": 6000.496}}