{"Base": {"Occurrences": 6, "Overall Time": 2000.128, "Mean": 333.3546666666667, "Variance": 555619335.1708889, "Standard Deviation": 745.3987759386844}, "Base,FeatureA": {"Occurrences": 2, "Overall Time": 1000.093, "Mean": 500.0465, "Variance": 250045502.07025, "Standard Deviation": 500.0455}, "Base,FeatureC": {"Occurrences": 2, "Overall Time": 1000.084, "Mean": 500.042, "Variance": 250042001.764, "Standard Deviation": 500.042}, "Base,FeatureD": {"Occurrences": 2, "Overall Time": 2000.104, "Mean": 1000.052, "Variance": 1000102002.601, "Standard Deviation": 1000.051}, "Base,FeatureC,FeatureD": {"Occurrences": 1, "Overall Time": 0.029, "Mean": 0.029, "Variance": 0.0, "Standard Deviation": 0.0}, "Overall time for all features": {"Time Taken": 6000.438}}