{"Base": {"Occurrences": 6, "Overall Time": 2000.146, "Mean": 333.35766666666666, "Variance": 555627335.6598889, "Standard Deviation": 745.404142502501}, "Base,FeatureA": {"Occurrences": 2, "Overall Time": 1000.098, "Mean": 500.049, "Variance": 250048002.304, "Standard Deviation": 500.048}, "Base,FeatureC": {"Occurrences": 2, "Overall Time": 1000.092, "Mean": 500.046, "Variance": 250046002.116, "Standard Deviation": 500.046}, "Base,FeatureD": {"Occurrences": 2, "Overall Time": 2000.109, "Mean": 1000.0545, "Variance": 1000109002.97025, "Standard Deviation": 1000.0545}, "Base,FeatureC,FeatureD": {"Occurrences": 1, "Overall Time": 0.027, "Mean": 0.027, "Variance": 0.0, "Standard Deviation": 0.0}, "Overall time for all features": {"Time Taken": 6000.472}}