{"Base": {"Occurrences": 3, "Overall Time": 2000.12, "Mean": 666.7066666666666, "Variance": 888990225.112889, "Standard Deviation": 942.8627816988478}, "Base,FeatureB": {"Occurrences": 1, "Overall Time": 2000.095, "Mean": 2000.095, "Variance": 0.0, "Standard Deviation": 0.0}, "Base,FeatureD": {"Occurrences": 1, "Overall Time": 2000.101, "Mean": 2000.101, "Variance": 0.0, "Standard Deviation": 0.0}, "Overall time for all features": {"Time Taken": 6000.316000000001}}