{"Base": {"Occurrences": 86404, "Overall Time": 91453.932, "Mean": 1.0584455812230915, "Variance": 2508.1694558715217, "Standard Deviation": 1.5837201318009195}, "Base,Stdout": {"Occurrences": 14, "Overall Time": 0.014, "Mean": 0.001, "Variance": 0.0005714285714285714, "Standard Deviation": 0.0007559289460184544}, "Base,Filter": {"Occurrences": 1, "Overall Time": 0.001, "Mean": 0.001, "Variance": 0.0, "Standard Deviation": 0.0}, "Base,Verbosity": {"Occurrences": 7, "Overall Time": 0.003, "Mean": 0.00042857142857142855, "Variance": 0.00024489795918367346, "Standard Deviation": 0.0004948716593053934}, "Base,FlushTO_val": {"Occurrences": 3, "Overall Time": 0.032, "Mean": 0.010666666666666666, "Variance": 0.20688888888888893, "Standard Deviation": 0.01438363267359428}, "Base,FlushTO_val,Threads_val": {"Occurrences": 1, "Overall Time": 0.001, "Mean": 0.001, "Variance": 0.0, "Standard Deviation": 0.0}, "Base,Cores,FlushTO_val": {"Occurrences": 1, "Overall Time": 0.0, "Mean": 0.0, "Variance": 0.0, "Standard Deviation": 0.0}, "Base,Cores": {"Occurrences": 1, "Overall Time": 0.001, "Mean": 0.001, "Variance": 0.0, "Standard Deviation": 0.0}, "Base,ForceOverwrite,Stdout": {"Occurrences": 6, "Overall Time": 0.703, "Mean": 0.11716666666666667, "Variance": 33.23547222222223, "Standard Deviation": 0.18230598515194785}, "Base,ForceOverwrite,KeepIn,Stdout": {"Occurrences": 2, "Overall Time": 0.0, "Mean": 0.0, "Variance": 0.0, "Standard Deviation": 0.0}, "Base,Threads_val": {"Occurrences": 86381, "Overall Time": 102.573, "Mean": 0.0011874486287493777, "Variance": 3.3693155998634365, "Standard Deviation": 0.05804580604887347}, "Base,KeepIn": {"Occurrences": 2, "Overall Time": 0.002, "Mean": 0.001, "Variance": 0.0, "Standard Deviation": 0.0}, "Overall time for all features": {"Time Taken": 91557.262}}