{"Base": {"Occurrences": 86404, "Overall Time": 24533.572, "Mean": 0.2839402342484144, "Variance": 151184.51761984825, "Standard Deviation": 12.295711350704694}, "Base,Stdout": {"Occurrences": 14, "Overall Time": 0.015, "Mean": 0.0010714285714285715, "Variance": 0.0006377551020408163, "Standard Deviation": 0.0007985957062499249}, "Base,Filter": {"Occurrences": 1, "Overall Time": 0.001, "Mean": 0.001, "Variance": 0.0, "Standard Deviation": 0.0}, "Base,Verbosity": {"Occurrences": 7, "Overall Time": 0.003, "Mean": 0.00042857142857142855, "Variance": 0.00024489795918367346, "Standard Deviation": 0.0004948716593053934}, "Base,FlushTO_val": {"Occurrences": 4, "Overall Time": 0.006, "Mean": 0.0015, "Variance": 0.00675, "Standard Deviation": 0.002598076211353316}, "Base,FlushTO_val,Threads_val": {"Occurrences": 5, "Overall Time": 0.029, "Mean": 0.0058, "Variance": 0.12335999999999998, "Standard Deviation": 0.011106754701531855}, "Base,Cores,FlushTO_val,Threads_val": {"Occurrences": 3, "Overall Time": 0.0, "Mean": 0.0, "Variance": 0.0, "Standard Deviation": 0.0}, "Base,Cores,FlushTO_val": {"Occurrences": 1, "Overall Time": 0.001, "Mean": 0.001, "Variance": 0.0, "Standard Deviation": 0.0}, "Base,Cores": {"Occurrences": 1, "Overall Time": 0.001, "Mean": 0.001, "Variance": 0.0, "Standard Deviation": 0.0}, "Base,ForceOverwrite,Stdout": {"Occurrences": 6, "Overall Time": 0.857, "Mean": 0.14283333333333334, "Variance": 42.78647222222223, "Standard Deviation": 0.2068489115809465}, "Base,ForceOverwrite,KeepIn,Stdout": {"Occurrences": 2, "Overall Time": 0.0, "Mean": 0.0, "Variance": 0.0, "Standard Deviation": 0.0}, "Base,Threads_val": {"Occurrences": 86381, "Overall Time": 75.794, "Mean": 0.0008774383255577036, "Variance": 0.0006242743144057074, "Standard Deviation": 0.0007901103178706802}, "Base,KeepIn": {"Occurrences": 2, "Overall Time": 0.0, "Mean": 0.0, "Variance": 0.0, "Standard Deviation": 0.0}, "Overall time for all features": {"Time Taken": 24610.279000000002}}