{"Base": {"Occurrences": 86404, "Overall Time": 24666.036, "Mean": 0.2854733114207676, "Variance": 134817.08285733825, "Standard Deviation": 11.61107586993291}, "Base,Stdout": {"Occurrences": 14, "Overall Time": 0.009, "Mean": 0.0006428571428571429, "Variance": 0.0005153061224489798, "Standard Deviation": 0.0007178482586514922}, "Base,Filter": {"Occurrences": 1, "Overall Time": 0.0, "Mean": 0.0, "Variance": 0.0, "Standard Deviation": 0.0}, "Base,Verbosity": {"Occurrences": 7, "Overall Time": 0.004, "Mean": 0.0005714285714285714, "Variance": 0.00024489795918367346, "Standard Deviation": 0.0004948716593053935}, "Base,FlushTO_val": {"Occurrences": 4, "Overall Time": 0.007, "Mean": 0.00175, "Variance": 0.0061875, "Standard Deviation": 0.00248746859276655}, "Base,FlushTO_val,Threads_val": {"Occurrences": 5, "Overall Time": 0.032, "Mean": 0.0064, "Variance": 0.13944, "Standard Deviation": 0.011808471535300409}, "Base,Cores,FlushTO_val,Threads_val": {"Occurrences": 3, "Overall Time": 0.0, "Mean": 0.0, "Variance": 0.0, "Standard Deviation": 0.0}, "Base,Cores,FlushTO_val": {"Occurrences": 1, "Overall Time": 0.0, "Mean": 0.0, "Variance": 0.0, "Standard Deviation": 0.0}, "Base,Cores": {"Occurrences": 1, "Overall Time": 0.001, "Mean": 0.001, "Variance": 0.0, "Standard Deviation": 0.0}, "Base,ForceOverwrite,Stdout": {"Occurrences": 6, "Overall Time": 0.578, "Mean": 0.09633333333333333, "Variance": 19.376555555555555, "Standard Deviation": 0.1391996966791076}, "Base,ForceOverwrite,KeepIn,Stdout": {"Occurrences": 2, "Overall Time": 0.001, "Mean": 0.0005, "Variance": 0.00025, "Standard Deviation": 0.0005}, "Base,Threads_val": {"Occurrences": 86381, "Overall Time": 82.537, "Mean": 0.0009554994732637965, "Variance": 0.8706542982828999, "Standard Deviation": 0.029506851717574}, "Base,KeepIn": {"Occurrences": 2, "Overall Time": 0.001, "Mean": 0.0005, "Variance": 0.00025, "Standard Deviation": 0.0005}, "Overall time for all features": {"Time Taken": 24749.206000000002}}