{"Base": {"Occurrences": 5, "Overall Time": 2000.109, "Mean": 400.0218, "Variance": 640063361.57496, "Standard Deviation": 800.0396000042497}, "Base,FeatureA": {"Occurrences": 2, "Overall Time": 1000.089, "Mean": 500.0445, "Variance": 250043501.89225, "Standard Deviation": 500.0435}, "Base,FeatureC": {"Occurrences": 2, "Overall Time": 1000.084, "Mean": 500.042, "Variance": 250041001.681, "Standard Deviation": 500.041}, "Overall time for all features": {"Time Taken": 4000.2819999999997}}