{"Base": {"Occurrences": 5, "Overall Time": 2000.149, "Mean": 400.02979999999997, "Variance": 640087362.9925599, "Standard Deviation": 800.0546000071245}, "Base,FeatureA": {"Occurrences": 2, "Overall Time": 1000.096, "Mean": 500.048, "Variance": 250047002.209, "Standard Deviation": 500.047}, "Base,FeatureC": {"Occurrences": 2, "Overall Time": 1000.091, "Mean": 500.0455, "Variance": 250045502.07025, "Standard Deviation": 500.0455}, "Overall time for all features": {"Time Taken": 4000.336}}