{"Base": {"Occurrences": 5, "Overall Time": 2000.136, "Mean": 400.0272, "Variance": 640081442.59576, "Standard Deviation": 800.0509000030935}, "Base,FeatureA": {"Occurrences": 2, "Overall Time": 1000.098, "Mean": 500.049, "Variance": 250048002.304, "Standard Deviation": 500.048}, "Base,FeatureC": {"Occurrences": 2, "Overall Time": 1000.054, "Mean": 500.027, "Variance": 250027000.729, "Standard Deviation": 500.027}, "Overall time for all features": {"Time Taken": 4000.288}}