{"Base": {"Occurrences": 5, "Overall Time": 2000.134, "Mean": 400.0268, "Variance": 640078562.41976, "Standard Deviation": 800.0491000055933}, "Base,FeatureA": {"Occurrences": 2, "Overall Time": 1000.1, "Mean": 500.05, "Variance": 250049002.401, "Standard Deviation": 500.049}, "Base,FeatureC": {"Occurrences": 2, "Overall Time": 1000.089, "Mean": 500.0445, "Variance": 250043501.89225, "Standard Deviation": 500.0435}, "Overall time for all features": {"Time Taken": 4000.323}}