{"Base": {"Occurrences": 5, "Overall Time": 2000.13, "Mean": 400.026, "Variance": 640076802.3136, "Standard Deviation": 800.0480000059996}, "Base,FeatureA": {"Occurrences": 2, "Overall Time": 1000.094, "Mean": 500.047, "Variance": 250046002.116, "Standard Deviation": 500.046}, "Base,FeatureC": {"Occurrences": 2, "Overall Time": 1000.087, "Mean": 500.0435, "Variance": 250042501.80625, "Standard Deviation": 500.0425}, "Overall time for all features": {"Time Taken": 4000.311}}