{"Base": {"Occurrences": 5, "Overall Time": 2000.106, "Mean": 400.0212, "Variance": 640063041.55576, "Standard Deviation": 800.0394000021249}, "Base,FeatureA": {"Occurrences": 2, "Overall Time": 1000.082, "Mean": 500.041, "Variance": 250040001.6, "Standard Deviation": 500.04}, "Base,FeatureC": {"Occurrences": 2, "Overall Time": 1000.072, "Mean": 500.036, "Variance": 250036001.296, "Standard Deviation": 500.036}, "Overall time for all features": {"Time Taken": 4000.26}}