{"Base": {"Occurrences": 5, "Overall Time": 2000.15, "Mean": 400.03, "Variance": 640088003.0331999, "Standard Deviation": 800.0550000051246}, "Base,FeatureA": {"Occurrences": 2, "Overall Time": 1000.099, "Mean": 500.0495, "Variance": 250048502.35225, "Standard Deviation": 500.0485}, "Base,FeatureC": {"Occurrences": 2, "Overall Time": 1000.093, "Mean": 500.0465, "Variance": 250046502.16225, "Standard Deviation": 500.0465}, "Overall time for all features": {"Time Taken": 4000.342}}