{"Base": {"Occurrences": 5, "Overall Time": 2000.122, "Mean": 400.0244, "Variance": 640071682.0138401, "Standard Deviation": 800.0448000042497}, "Base,FeatureA": {"Occurrences": 2, "Overall Time": 1000.093, "Mean": 500.0465, "Variance": 250045502.07025, "Standard Deviation": 500.0455}, "Base,FeatureC": {"Occurrences": 2, "Overall Time": 1000.084, "Mean": 500.042, "Variance": 250041001.681, "Standard Deviation": 500.041}, "Overall time for all features": {"Time Taken": 4000.299}}