{"Base": {"Occurrences": 5, "Overall Time": 2000.131, "Mean": 400.0262, "Variance": 640075842.2549601, "Standard Deviation": 800.0474000051247}, "Base,FeatureA": {"Occurrences": 2, "Overall Time": 1000.095, "Mean": 500.0475, "Variance": 250047502.25625, "Standard Deviation": 500.0475}, "Base,FeatureC": {"Occurrences": 2, "Overall Time": 1000.108, "Mean": 500.054, "Variance": 250054002.916, "Standard Deviation": 500.054}, "Overall time for all features": {"Time Taken": 4000.334}}