{"Base": {"Occurrences": 5, "Overall Time": 2000.139, "Mean": 400.0278, "Variance": 640076162.29256, "Standard Deviation": 800.047600016749}, "Base,FeatureA": {"Occurrences": 2, "Overall Time": 1000.096, "Mean": 500.048, "Variance": 250048002.304, "Standard Deviation": 500.048}, "Base,FeatureC": {"Occurrences": 2, "Overall Time": 1000.087, "Mean": 500.0435, "Variance": 250043501.89225, "Standard Deviation": 500.0435}, "Overall time for all features": {"Time Taken": 4000.3219999999997}}