{"Base": {"Occurrences": 5, "Overall Time": 2000.143, "Mean": 400.0286, "Variance": 640081922.6310397, "Standard Deviation": 800.0512000059996}, "Base,FeatureA": {"Occurrences": 2, "Overall Time": 1000.099, "Mean": 500.0495, "Variance": 250049502.45025, "Standard Deviation": 500.0495}, "Base,FeatureC": {"Occurrences": 2, "Overall Time": 1000.091, "Mean": 500.0455, "Variance": 250045502.07025, "Standard Deviation": 500.0455}, "Overall time for all features": {"Time Taken": 4000.333}}