{"Base": {"Occurrences": 86404, "Overall Time": 23061.122, "Mean": 0.2668987778343595, "Variance": 535501.970179375, "Standard Deviation": 23.14091550002668}, "Base,Stdout": {"Occurrences": 14, "Overall Time": 0.012, "Mean": 0.0008571428571428571, "Variance": 0.0014081632653061222, "Standard Deviation": 0.0011866605518454391}, "Base,Filter": {"Occurrences": 1, "Overall Time": 0.0, "Mean": 0.0, "Variance": 0.0, "Standard Deviation": 0.0}, "Base,Verbosity": {"Occurrences": 7, "Overall Time": 0.002, "Mean": 0.0002857142857142857, "Variance": 0.00020408163265306123, "Standard Deviation": 0.00045175395145262567}, "Base,FlushTO_val": {"Occurrences": 4, "Overall Time": 0.007, "Mean": 0.00175, "Variance": 0.0061875, "Standard Deviation": 0.00248746859276655}, "Base,FlushTO_val,Threads_val": {"Occurrences": 5, "Overall Time": 0.028, "Mean": 0.0056, "Variance": 0.12544, "Standard Deviation": 0.0112}, "Base,Cores,FlushTO_val,Threads_val": {"Occurrences": 3, "Overall Time": 0.001, "Mean": 0.0003333333333333333, "Variance": 0.00022222222222222223, "Standard Deviation": 0.0004714045207910317}, "Base,Cores,FlushTO_val": {"Occurrences": 1, "Overall Time": 0.0, "Mean": 0.0, "Variance": 0.0, "Standard Deviation": 0.0}, "Base,Cores": {"Occurrences": 1, "Overall Time": 0.001, "Mean": 0.001, "Variance": 0.0, "Standard Deviation": 0.0}, "Base,ForceOverwrite,Stdout": {"Occurrences": 6, "Overall Time": 0.748, "Mean": 0.12466666666666668, "Variance": 40.199888888888886, "Standard Deviation": 0.20049909947151603}, "Base,ForceOverwrite,KeepIn,Stdout": {"Occurrences": 2, "Overall Time": 0.001, "Mean": 0.0005, "Variance": 0.00025, "Standard Deviation": 0.0005}, "Base,Threads_val": {"Occurrences": 86381, "Overall Time": 70.566, "Mean": 0.0008169157569372894, "Variance": 0.0015118315682379599, "Standard Deviation": 0.0012295656014373367}, "Base,KeepIn": {"Occurrences": 2, "Overall Time": 0.001, "Mean": 0.0005, "Variance": 0.00025, "Standard Deviation": 0.0005}, "Overall time for all features": {"Time Taken": 23132.488999999998}}