{"Base": {"Occurrences": 86404.0, "Overall Time": 23099.08, "Mean": 0.26733808619971294, "Variance": 553388.7253241036, "Standard Deviation": 23.524215721764318}, "Base,Stdout": {"Occurrences": 14.0, "Overall Time": 0.009, "Mean": 0.0006428571428571429, "Variance": 0.00022959183673469387, "Standard Deviation": 0.0004791574237499549}, "Base,Filter": {"Occurrences": 1.0, "Overall Time": 0.0, "Mean": 0.0, "Variance": 0.0, "Standard Deviation": 0.0}, "Base,Verbosity": {"Occurrences": 7.0, "Overall Time": 0.004, "Mean": 0.0005714285714285714, "Variance": 0.00024489795918367346, "Standard Deviation": 0.0004948716593053935}, "Base,FlushTO_val": {"Occurrences": 4.0, "Overall Time": 0.006, "Mean": 0.0015, "Variance": 0.00425, "Standard Deviation": 0.00206155281280883}, "Base,FlushTO_val,Threads_val": {"Occurrences": 5.0, "Overall Time": 0.029, "Mean": 0.0058, "Variance": 0.11256, "Standard Deviation": 0.010609429767899874}, "Base,Cores,FlushTO_val,Threads_val": {"Occurrences": 3.0, "Overall Time": 0.0, "Mean": 0.0, "Variance": 0.0, "Standard Deviation": 0.0}, "Base,Cores,FlushTO_val": {"Occurrences": 1.0, "Overall Time": 0.001, "Mean": 0.001, "Variance": 0.0, "Standard Deviation": 0.0}, "Base,Cores": {"Occurrences": 1.0, "Overall Time": 0.0, "Mean": 0.0, "Variance": 0.0, "Standard Deviation": 0.0}, "Base,ForceOverwrite,Stdout": {"Occurrences": 6.0, "Overall Time": 0.606, "Mean": 0.101, "Variance": 20.452333333333332, "Standard Deviation": 0.14301165453673112}, "Base,ForceOverwrite,KeepIn,Stdout": {"Occurrences": 2.0, "Overall Time": 0.001, "Mean": 0.0005, "Variance": 0.00025, "Standard Deviation": 0.0005}, "Base,Threads_val": {"Occurrences": 86381.0, "Overall Time": 70.336, "Mean": 0.0008142531343698267, "Variance": 0.13506936353527935, "Standard Deviation": 0.011621934586603013}, "Base,KeepIn": {"Occurrences": 2.0, "Overall Time": 0.002, "Mean": 0.001, "Variance": 0.0, "Standard Deviation": 0.0}, "Overall time for all features": {"Time Taken": 23170.074}, "Number of Repetitions": {"Repetitions": 30}}