{"Base": {"Occurrences": 86404, "Overall Time": 106367.423, "Mean": 1.2310474399333364, "Variance": 3484.3891047699612, "Standard Deviation": 1.8666518434807176}, "Base,Stdout": {"Occurrences": 14, "Overall Time": 0.011, "Mean": 0.0007857142857142857, "Variance": 0.0007397959183673469, "Standard Deviation": 0.000860113898485164}, "Base,Filter": {"Occurrences": 1, "Overall Time": 0.001, "Mean": 0.001, "Variance": 0.0, "Standard Deviation": 0.0}, "Base,Verbosity": {"Occurrences": 7, "Overall Time": 0.004, "Mean": 0.0005714285714285714, "Variance": 0.00024489795918367346, "Standard Deviation": 0.0004948716593053935}, "Base,FlushTO_val": {"Occurrences": 3, "Overall Time": 0.036, "Mean": 0.012, "Variance": 0.26466666666666666, "Standard Deviation": 0.016268579122549906}, "Base,FlushTO_val,Threads_val": {"Occurrences": 1, "Overall Time": 0.0, "Mean": 0.0, "Variance": 0.0, "Standard Deviation": 0.0}, "Base,Cores,FlushTO_val": {"Occurrences": 1, "Overall Time": 0.0, "Mean": 0.0, "Variance": 0.0, "Standard Deviation": 0.0}, "Base,Cores": {"Occurrences": 1, "Overall Time": 0.001, "Mean": 0.001, "Variance": 0.0, "Standard Deviation": 0.0}, "Base,ForceOverwrite,Stdout": {"Occurrences": 6, "Overall Time": 0.892, "Mean": 0.14866666666666667, "Variance": 57.835555555555565, "Standard Deviation": 0.2404902400422012}, "Base,ForceOverwrite,KeepIn,Stdout": {"Occurrences": 2, "Overall Time": 0.001, "Mean": 0.0005, "Variance": 0.00025, "Standard Deviation": 0.0005}, "Base,Threads_val": {"Occurrences": 86381, "Overall Time": 127.602, "Mean": 0.0014771998471886179, "Variance": 13.375345693440678, "Standard Deviation": 0.1156518296156212}, "Base,KeepIn": {"Occurrences": 2, "Overall Time": 0.0, "Mean": 0.0, "Variance": 0.0, "Standard Deviation": 0.0}, "Overall time for all features": {"Time Taken": 106495.971}}