{"Base": {"Occurrences": 86404, "Overall Time": 107123.561, "Mean": 1.2397986320077774, "Variance": 3543.4161112147394, "Standard Deviation": 1.8823963746285584}, "Base,Stdout": {"Occurrences": 14, "Overall Time": 0.014, "Mean": 0.001, "Variance": 0.0005714285714285714, "Standard Deviation": 0.0007559289460184544}, "Base,Filter": {"Occurrences": 1, "Overall Time": 0.0, "Mean": 0.0, "Variance": 0.0, "Standard Deviation": 0.0}, "Base,Verbosity": {"Occurrences": 7, "Overall Time": 0.004, "Mean": 0.0005714285714285714, "Variance": 0.00024489795918367346, "Standard Deviation": 0.0004948716593053935}, "Base,FlushTO_val": {"Occurrences": 3, "Overall Time": 0.035, "Mean": 0.011666666666666665, "Variance": 0.27222222222222225, "Standard Deviation": 0.01649915822768611}, "Base,FlushTO_val,Threads_val": {"Occurrences": 1, "Overall Time": 0.0, "Mean": 0.0, "Variance": 0.0, "Standard Deviation": 0.0}, "Base,Cores,FlushTO_val": {"Occurrences": 1, "Overall Time": 0.0, "Mean": 0.0, "Variance": 0.0, "Standard Deviation": 0.0}, "Base,Cores": {"Occurrences": 1, "Overall Time": 0.001, "Mean": 0.001, "Variance": 0.0, "Standard Deviation": 0.0}, "Base,ForceOverwrite,Stdout": {"Occurrences": 6, "Overall Time": 1.01, "Mean": 0.16833333333333333, "Variance": 63.93655555555556, "Standard Deviation": 0.2528567886285744}, "Base,ForceOverwrite,KeepIn,Stdout": {"Occurrences": 2, "Overall Time": 0.002, "Mean": 0.001, "Variance": 0.0, "Standard Deviation": 0.0}, "Base,Threads_val": {"Occurrences": 86381, "Overall Time": 124.609, "Mean": 0.0014425510239520266, "Variance": 14.57553749272937, "Standard Deviation": 0.12072919072340943}, "Base,KeepIn": {"Occurrences": 2, "Overall Time": 0.001, "Mean": 0.0005, "Variance": 0.00025, "Standard Deviation": 0.0005}, "Overall time for all features": {"Time Taken": 107249.237}}