{"Base": {"Occurrences": 86404.0, "Overall Time": 107188.103, "Mean": 1.240545611314291, "Variance": 3543.111724240149, "Standard Deviation": 1.8823155219675975}, "Base,Stdout": {"Occurrences": 14.0, "Overall Time": 0.008, "Mean": 0.0005714285714285714, "Variance": 0.0005306122448979592, "Standard Deviation": 0.0007284313590846836}, "Base,Filter": {"Occurrences": 1.0, "Overall Time": 0.001, "Mean": 0.001, "Variance": 0.0, "Standard Deviation": 0.0}, "Base,Verbosity": {"Occurrences": 7.0, "Overall Time": 0.004, "Mean": 0.0005714285714285714, "Variance": 0.00024489795918367346, "Standard Deviation": 0.0004948716593053935}, "Base,FlushTO_val": {"Occurrences": 3.0, "Overall Time": 0.038, "Mean": 0.012666666666666666, "Variance": 0.3208888888888889, "Standard Deviation": 0.017913371790059206}, "Base,FlushTO_val,Threads_val": {"Occurrences": 1.0, "Overall Time": 0.0, "Mean": 0.0, "Variance": 0.0, "Standard Deviation": 0.0}, "Base,Cores,FlushTO_val": {"Occurrences": 1.0, "Overall Time": 0.0, "Mean": 0.0, "Variance": 0.0, "Standard Deviation": 0.0}, "Base,Cores": {"Occurrences": 1.0, "Overall Time": 0.0, "Mean": 0.0, "Variance": 0.0, "Standard Deviation": 0.0}, "Base,ForceOverwrite,Stdout": {"Occurrences": 6.0, "Overall Time": 0.704, "Mean": 0.11733333333333333, "Variance": 32.343222222222224, "Standard Deviation": 0.1798422147945866}, "Base,ForceOverwrite,KeepIn,Stdout": {"Occurrences": 2.0, "Overall Time": 0.001, "Mean": 0.0005, "Variance": 0.00025, "Standard Deviation": 0.0005}, "Base,Threads_val": {"Occurrences": 86381.0, "Overall Time": 125.839, "Mean": 0.001456790266378023, "Variance": 14.763491762883842, "Standard Deviation": 0.12150511002786608}, "Base,KeepIn": {"Occurrences": 2.0, "Overall Time": 0.0, "Mean": 0.0, "Variance": 0.0, "Standard Deviation": 0.0}, "Overall time for all features": {"Time Taken": 107314.69800000002}, "Number of Repetitions": {"Repetitions": 30}}