{"Base": {"Occurrences": 4, "Overall Time": 7000.499, "Mean": 1750.12475, "Variance": 2187755882.7931876, "Standard Deviation": 1479.1064474178957}, "Base,FeatureA": {"Occurrences": 3, "Overall Time": 0.001, "Mean": 0.0003333333333333333, "Variance": 0.00022222222222222223, "Standard Deviation": 0.0004714045207910317}, "Base,FeatureB": {"Occurrences": 2, "Overall Time": 0.001, "Mean": 0.0005, "Variance": 0.00025, "Standard Deviation": 0.0005}, "Base,FeatureB,FeatureC": {"Occurrences": 1, "Overall Time": 0.01, "Mean": 0.01, "Variance": 0.0, "Standard Deviation": 0.0}, "Base,FeatureA,FeatureC": {"Occurrences": 1, "Overall Time": 0.001, "Mean": 0.001, "Variance": 0.0, "Standard Deviation": 0.0}, "Overall time for all features": {"Time Taken": 7000.512000000001}}