{"Base": {"Occurrences": 5, "Overall Time": 2000.138, "Mean": 400.02759999999995, "Variance": 640073922.1638399, "Standard Deviation": 800.046200018374}, "Base,FeatureA": {"Occurrences": 2, "Overall Time": 1000.091, "Mean": 500.0455, "Variance": 250045502.07025, "Standard Deviation": 500.0455}, "Base,FeatureB": {"Occurrences": 2, "Overall Time": 2000.081, "Mean": 1000.0405, "Variance": 1000077001.48225, "Standard Deviation": 1000.0385}, "Base,FeatureD": {"Occurrences": 1, "Overall Time": 2000.103, "Mean": 2000.103, "Variance": 0.0, "Standard Deviation": 0.0}, "Base,FeatureA,FeatureB": {"Occurrences": 1, "Overall Time": 2000.103, "Mean": 2000.103, "Variance": 0.0, "Standard Deviation": 0.0}, "Overall time for all features": {"Time Taken": 9000.516}}