{"Base": {"Occurrences": 5, "Overall Time": 2000.142, "Mean": 400.02840000000003, "Variance": 640082882.6890402, "Standard Deviation": 800.0518000036249}, "Base,FeatureA": {"Occurrences": 2, "Overall Time": 1000.099, "Mean": 500.0495, "Variance": 250048502.35225, "Standard Deviation": 500.0485}, "Base,FeatureB": {"Occurrences": 2, "Overall Time": 2000.104, "Mean": 1000.052, "Variance": 1000100002.5, "Standard Deviation": 1000.05}, "Base,FeatureD": {"Occurrences": 1, "Overall Time": 2000.112, "Mean": 2000.112, "Variance": 0.0, "Standard Deviation": 0.0}, "Base,FeatureA,FeatureB": {"Occurrences": 1, "Overall Time": 2000.105, "Mean": 2000.105, "Variance": 0.0, "Standard Deviation": 0.0}, "Overall time for all features": {"Time Taken": 9000.562}}