{"Base": {"Occurrences": 5, "Overall Time": 2000.124, "Mean": 400.02479999999997, "Variance": 640071361.9973599, "Standard Deviation": 800.0446000051246}, "Base,FeatureA": {"Occurrences": 2, "Overall Time": 1000.093, "Mean": 500.0465, "Variance": 250045502.07025, "Standard Deviation": 500.0455}, "Base,FeatureB": {"Occurrences": 2, "Overall Time": 2000.084, "Mean": 1000.042, "Variance": 1000082001.681, "Standard Deviation": 1000.041}, "Base,FeatureD": {"Occurrences": 1, "Overall Time": 2000.109, "Mean": 2000.109, "Variance": 0.0, "Standard Deviation": 0.0}, "Base,FeatureA,FeatureB": {"Occurrences": 1, "Overall Time": 2000.092, "Mean": 2000.092, "Variance": 0.0, "Standard Deviation": 0.0}, "Overall time for all features": {"Time Taken": 9000.502}}