{"Base": {"Occurrences": 5, "Overall Time": 2000.13, "Mean": 400.026, "Variance": 640076802.3084, "Standard Deviation": 800.0480000027499}, "Base,FeatureA": {"Occurrences": 2, "Overall Time": 1000.099, "Mean": 500.0495, "Variance": 250048502.35225, "Standard Deviation": 500.0485}, "Base,FeatureB": {"Occurrences": 2, "Overall Time": 2000.105, "Mean": 1000.0525, "Variance": 1000103002.65225, "Standard Deviation": 1000.0515}, "Base,FeatureD": {"Occurrences": 1, "Overall Time": 2000.103, "Mean": 2000.103, "Variance": 0.0, "Standard Deviation": 0.0}, "Base,FeatureA,FeatureB": {"Occurrences": 1, "Overall Time": 2000.096, "Mean": 2000.096, "Variance": 0.0, "Standard Deviation": 0.0}, "Overall time for all features": {"Time Taken": 9000.533000000001}}