{"Base": {"Occurrences": 86404, "Overall Time": 68784.123, "Mean": 0.796075679366696, "Variance": 1377.1056936499772, "Standard Deviation": 1.1735014672551447}, "Base,Stdout": {"Occurrences": 14, "Overall Time": 0.015, "Mean": 0.0010714285714285715, "Variance": 0.0003520408163265306, "Standard Deviation": 0.0005933302759227196}, "Base,Filter": {"Occurrences": 1, "Overall Time": 0.0, "Mean": 0.0, "Variance": 0.0, "Standard Deviation": 0.0}, "Base,Verbosity": {"Occurrences": 7, "Overall Time": 0.005, "Mean": 0.0007142857142857143, "Variance": 0.0002040816326530612, "Standard Deviation": 0.0004517539514526256}, "Base,FlushTO_val": {"Occurrences": 3, "Overall Time": 0.037, "Mean": 0.012333333333333333, "Variance": 0.30422222222222217, "Standard Deviation": 0.017441967269268173}, "Base,FlushTO_val,Threads_val": {"Occurrences": 1, "Overall Time": 0.001, "Mean": 0.001, "Variance": 0.0, "Standard Deviation": 0.0}, "Base,Cores,FlushTO_val": {"Occurrences": 1, "Overall Time": 0.0, "Mean": 0.0, "Variance": 0.0, "Standard Deviation": 0.0}, "Base,Cores": {"Occurrences": 1, "Overall Time": 0.0, "Mean": 0.0, "Variance": 0.0, "Standard Deviation": 0.0}, "Base,ForceOverwrite,Stdout": {"Occurrences": 6, "Overall Time": 0.763, "Mean": 0.12716666666666668, "Variance": 33.939138888888884, "Standard Deviation": 0.1842257823674224}, "Base,ForceOverwrite,KeepIn,Stdout": {"Occurrences": 2, "Overall Time": 0.0, "Mean": 0.0, "Variance": 0.0, "Standard Deviation": 0.0}, "Base,Threads_val": {"Occurrences": 86381, "Overall Time": 89.452, "Mean": 0.001035551799585557, "Variance": 0.6239367432702037, "Standard Deviation": 0.024978725813583923}, "Base,KeepIn": {"Occurrences": 2, "Overall Time": 0.001, "Mean": 0.0005, "Variance": 0.00025, "Standard Deviation": 0.0005}, "Overall time for all features": {"Time Taken": 68874.39700000003}}