{"Base": {"Occurrences": 86404, "Overall Time": 85508.559, "Mean": 0.9896365793250312, "Variance": 2149.6595601040162, "Standard Deviation": 1.4661717362246538}, "Base,Stdout": {"Occurrences": 14, "Overall Time": 0.012, "Mean": 0.0008571428571428571, "Variance": 0.00040816326530612236, "Standard Deviation": 0.0006388765649999399}, "Base,Filter": {"Occurrences": 1, "Overall Time": 0.0, "Mean": 0.0, "Variance": 0.0, "Standard Deviation": 0.0}, "Base,Verbosity": {"Occurrences": 7, "Overall Time": 0.005, "Mean": 0.0007142857142857143, "Variance": 0.00020408163265306126, "Standard Deviation": 0.00045175395145262567}, "Base,FlushTO_val": {"Occurrences": 3, "Overall Time": 0.035, "Mean": 0.011666666666666665, "Variance": 0.27222222222222225, "Standard Deviation": 0.01649915822768611}, "Base,FlushTO_val,Threads_val": {"Occurrences": 1, "Overall Time": 0.0, "Mean": 0.0, "Variance": 0.0, "Standard Deviation": 0.0}, "Base,Cores,FlushTO_val": {"Occurrences": 1, "Overall Time": 0.001, "Mean": 0.001, "Variance": 0.0, "Standard Deviation": 0.0}, "Base,Cores": {"Occurrences": 1, "Overall Time": 0.0, "Mean": 0.0, "Variance": 0.0, "Standard Deviation": 0.0}, "Base,ForceOverwrite,Stdout": {"Occurrences": 6, "Overall Time": 0.753, "Mean": 0.1255, "Variance": 41.450583333333334, "Standard Deviation": 0.2035941633086109}, "Base,ForceOverwrite,KeepIn,Stdout": {"Occurrences": 2, "Overall Time": 0.0, "Mean": 0.0, "Variance": 0.0, "Standard Deviation": 0.0}, "Base,Threads_val": {"Occurrences": 86381, "Overall Time": 101.263, "Mean": 0.0011722832567346985, "Variance": 3.4688556289065082, "Standard Deviation": 0.058896991679596916}, "Base,KeepIn": {"Occurrences": 2, "Overall Time": 0.002, "Mean": 0.001, "Variance": 0.0, "Standard Deviation": 0.0}, "Overall time for all features": {"Time Taken": 85610.63}}