{"Base": {"Occurrences": 5, "Overall Time": 2000.142, "Mean": 400.02840000000003, "Variance": 640083682.7374401, "Standard Deviation": 800.0523000013437}, "Base,FeatureA": {"Occurrences": 2, "Overall Time": 1000.098, "Mean": 500.049, "Variance": 250048002.304, "Standard Deviation": 500.048}, "Base,FeatureB": {"Occurrences": 2, "Overall Time": 2000.109, "Mean": 1000.0545, "Variance": 1000105002.75625, "Standard Deviation": 1000.0525}, "Base,FeatureD": {"Occurrences": 1, "Overall Time": 2000.109, "Mean": 2000.109, "Variance": 0.0, "Standard Deviation": 0.0}, "Base,FeatureA,FeatureB": {"Occurrences": 1, "Overall Time": 2000.116, "Mean": 2000.116, "Variance": 0.0, "Standard Deviation": 0.0}, "Overall time for all features": {"Time Taken": 9000.574}}