{"Base": {"Occurrences": 5, "Overall Time": 2000.143, "Mean": 400.0286, "Variance": 640084322.7814398, "Standard Deviation": 800.0527000025935}, "Base,FeatureA": {"Occurrences": 2, "Overall Time": 1000.098, "Mean": 500.049, "Variance": 250048002.304, "Standard Deviation": 500.048}, "Base,FeatureB": {"Occurrences": 2, "Overall Time": 2000.115, "Mean": 1000.0575, "Variance": 1000111003.08025, "Standard Deviation": 1000.0555}, "Base,FeatureD": {"Occurrences": 1, "Overall Time": 2000.11, "Mean": 2000.11, "Variance": 0.0, "Standard Deviation": 0.0}, "Base,FeatureA,FeatureB": {"Occurrences": 1, "Overall Time": 2000.117, "Mean": 2000.117, "Variance": 0.0, "Standard Deviation": 0.0}, "Overall time for all features": {"Time Taken": 9000.582999999999}}