{"Base": {"Occurrences": 5, "Overall Time": 2000.152, "Mean": 400.03040000000004, "Variance": 640088483.06544, "Standard Deviation": 800.0553000045934}, "Base,FeatureA": {"Occurrences": 2, "Overall Time": 1000.091, "Mean": 500.0455, "Variance": 250045502.07025, "Standard Deviation": 500.0455}, "Base,FeatureB": {"Occurrences": 2, "Overall Time": 2000.086, "Mean": 1000.043, "Variance": 1000082001.681, "Standard Deviation": 1000.041}, "Base,FeatureD": {"Occurrences": 1, "Overall Time": 2000.107, "Mean": 2000.107, "Variance": 0.0, "Standard Deviation": 0.0}, "Base,FeatureA,FeatureB": {"Occurrences": 1, "Overall Time": 2000.126, "Mean": 2000.126, "Variance": 0.0, "Standard Deviation": 0.0}, "Overall time for all features": {"Time Taken": 9000.562}}