{"Base": {"Occurrences": 5, "Overall Time": 2000.123, "Mean": 400.02459999999996, "Variance": 640073122.0898398, "Standard Deviation": 800.0457000008436}, "Base,FeatureA": {"Occurrences": 2, "Overall Time": 1000.088, "Mean": 500.044, "Variance": 250043001.849, "Standard Deviation": 500.043}, "Base,FeatureB": {"Occurrences": 2, "Overall Time": 2000.097, "Mean": 1000.0485, "Variance": 1000095002.25625, "Standard Deviation": 1000.0475}, "Base,FeatureD": {"Occurrences": 1, "Overall Time": 2000.096, "Mean": 2000.096, "Variance": 0.0, "Standard Deviation": 0.0}, "Base,FeatureA,FeatureB": {"Occurrences": 1, "Overall Time": 2000.107, "Mean": 2000.107, "Variance": 0.0, "Standard Deviation": 0.0}, "Overall time for all features": {"Time Taken": 9000.511}}