{"Base": {"Occurrences": 3, "Overall Time": 2000.122, "Mean": 666.7073333333334, "Variance": 888994669.8135556, "Standard Deviation": 942.8651387200375}, "Base,FeatureA": {"Occurrences": 1, "Overall Time": 2000.093, "Mean": 2000.093, "Variance": 0.0, "Standard Deviation": 0.0}, "Base,FeatureD": {"Occurrences": 1, "Overall Time": 2000.1, "Mean": 2000.1, "Variance": 0.0, "Standard Deviation": 0.0}, "Overall time for all features": {"Time Taken": 6000.3150000000005}}