{"Base": {"Occurrences": 4, "Overall Time": 2000.131, "Mean": 500.03275, "Variance": 750080252.1841875, "Standard Deviation": 866.0717361651906}, "Base,FeatureC": {"Occurrences": 2, "Overall Time": 1000.097, "Mean": 500.0485, "Variance": 250047502.25625, "Standard Deviation": 500.0475}, "Base,FeatureD": {"Occurrences": 2, "Overall Time": 2000.088, "Mean": 1000.044, "Variance": 1000088001.936, "Standard Deviation": 1000.044}, "Base,FeatureC,FeatureD": {"Occurrences": 1, "Overall Time": 0.025, "Mean": 0.025, "Variance": 0.0, "Standard Deviation": 0.0}, "Overall time for all features": {"Time Taken": 5000.340999999999}}