{"Base": {"Occurrences": 4, "Overall Time": 2000.145, "Mean": 500.03625, "Variance": 750098753.2626874, "Standard Deviation": 866.0824171305451}, "Base,FeatureC": {"Occurrences": 2, "Overall Time": 1000.122, "Mean": 500.061, "Variance": 250060003.6, "Standard Deviation": 500.06}, "Base,FeatureD": {"Occurrences": 2, "Overall Time": 2000.141, "Mean": 1000.0705, "Variance": 1000139004.83025, "Standard Deviation": 1000.0695}, "Base,FeatureC,FeatureD": {"Occurrences": 1, "Overall Time": 0.034, "Mean": 0.034, "Variance": 0.0, "Standard Deviation": 0.0}, "Overall time for all features": {"Time Taken": 5000.441999999999}}