{"Base": {"Occurrences": 4, "Overall Time": 2000.13, "Mean": 500.0325, "Variance": 750088502.62025, "Standard Deviation": 866.0764992887464}, "Base,FeatureC": {"Occurrences": 2, "Overall Time": 1000.097, "Mean": 500.0485, "Variance": 250047502.25625, "Standard Deviation": 500.0475}, "Base,FeatureD": {"Occurrences": 2, "Overall Time": 2000.111, "Mean": 1000.0555, "Variance": 1000111003.08025, "Standard Deviation": 1000.0555}, "Base,FeatureC,FeatureD": {"Occurrences": 1, "Overall Time": 0.038, "Mean": 0.038, "Variance": 0.0, "Standard Deviation": 0.0}, "Overall time for all features": {"Time Taken": 5000.375999999999}}