{"Base": {"Occurrences": 4, "Overall Time": 2000.121, "Mean": 500.03025, "Variance": 750085752.4531875, "Standard Deviation": 866.0749115712725}, "Base,FeatureC": {"Occurrences": 2, "Overall Time": 1000.096, "Mean": 500.048, "Variance": 250048002.304, "Standard Deviation": 500.048}, "Base,FeatureD": {"Occurrences": 2, "Overall Time": 2000.061, "Mean": 1000.0305, "Variance": 1000059000.87025, "Standard Deviation": 1000.0295}, "Base,FeatureC,FeatureD": {"Occurrences": 1, "Overall Time": 0.024, "Mean": 0.024, "Variance": 0.0, "Standard Deviation": 0.0}, "Overall time for all features": {"Time Taken": 5000.302000000001}}