{"Base": {"Occurrences": 86404, "Overall Time": 109140.229, "Mean": 1.2631386162677654, "Variance": 3685.965262659054, "Standard Deviation": 1.919886783812799}, "Base,Stdout": {"Occurrences": 14, "Overall Time": 0.01, "Mean": 0.0007142857142857143, "Variance": 0.0007755102040816325, "Standard Deviation": 0.0008806305718527109}, "Base,Filter": {"Occurrences": 1, "Overall Time": 0.001, "Mean": 0.001, "Variance": 0.0, "Standard Deviation": 0.0}, "Base,Verbosity": {"Occurrences": 7, "Overall Time": 0.004, "Mean": 0.0005714285714285714, "Variance": 0.00024489795918367346, "Standard Deviation": 0.0004948716593053935}, "Base,FlushTO_val": {"Occurrences": 3, "Overall Time": 0.03, "Mean": 0.01, "Variance": 0.2, "Standard Deviation": 0.01414213562373095}, "Base,FlushTO_val,Threads_val": {"Occurrences": 1, "Overall Time": 0.0, "Mean": 0.0, "Variance": 0.0, "Standard Deviation": 0.0}, "Base,Cores,FlushTO_val": {"Occurrences": 1, "Overall Time": 0.0, "Mean": 0.0, "Variance": 0.0, "Standard Deviation": 0.0}, "Base,Cores": {"Occurrences": 1, "Overall Time": 0.001, "Mean": 0.001, "Variance": 0.0, "Standard Deviation": 0.0}, "Base,ForceOverwrite,Stdout": {"Occurrences": 6, "Overall Time": 0.711, "Mean": 0.1185, "Variance": 32.846583333333335, "Standard Deviation": 0.1812362638473143}, "Base,ForceOverwrite,KeepIn,Stdout": {"Occurrences": 2, "Overall Time": 0.002, "Mean": 0.001, "Variance": 0.0, "Standard Deviation": 0.0}, "Base,Threads_val": {"Occurrences": 86381, "Overall Time": 126.85, "Mean": 0.0014684942290550005, "Variance": 15.008780999375382, "Standard Deviation": 0.12251033017413422}, "Base,KeepIn": {"Occurrences": 2, "Overall Time": 0.002, "Mean": 0.001, "Variance": 0.0, "Standard Deviation": 0.0}, "Overall time for all features": {"Time Taken": 109267.84}}