{"Base": {"Occurrences": 86404, "Overall Time": 107015.615, "Mean": 1.2385493148465347, "Variance": 3538.5371655116596, "Standard Deviation": 1.8810999881749135}, "Base,Stdout": {"Occurrences": 14, "Overall Time": 0.012, "Mean": 0.0008571428571428571, "Variance": 0.0008367346938775509, "Standard Deviation": 0.0009147320339189784}, "Base,Filter": {"Occurrences": 1, "Overall Time": 0.001, "Mean": 0.001, "Variance": 0.0, "Standard Deviation": 0.0}, "Base,Verbosity": {"Occurrences": 7, "Overall Time": 0.002, "Mean": 0.0002857142857142857, "Variance": 0.0002040816326530612, "Standard Deviation": 0.0004517539514526256}, "Base,FlushTO_val": {"Occurrences": 3, "Overall Time": 0.03, "Mean": 0.01, "Variance": 0.2, "Standard Deviation": 0.01414213562373095}, "Base,FlushTO_val,Threads_val": {"Occurrences": 1, "Overall Time": 0.0, "Mean": 0.0, "Variance": 0.0, "Standard Deviation": 0.0}, "Base,Cores,FlushTO_val": {"Occurrences": 1, "Overall Time": 0.0, "Mean": 0.0, "Variance": 0.0, "Standard Deviation": 0.0}, "Base,Cores": {"Occurrences": 1, "Overall Time": 0.001, "Mean": 0.001, "Variance": 0.0, "Standard Deviation": 0.0}, "Base,ForceOverwrite,Stdout": {"Occurrences": 6, "Overall Time": 1.024, "Mean": 0.17066666666666666, "Variance": 68.72422222222224, "Standard Deviation": 0.262153051140402}, "Base,ForceOverwrite,KeepIn,Stdout": {"Occurrences": 2, "Overall Time": 0.001, "Mean": 0.0005, "Variance": 0.00025, "Standard Deviation": 0.0005}, "Base,Threads_val": {"Occurrences": 86381, "Overall Time": 131.148, "Mean": 0.0015182505412069784, "Variance": 16.92624536041516, "Standard Deviation": 0.1301009045334242}, "Base,KeepIn": {"Occurrences": 2, "Overall Time": 0.002, "Mean": 0.001, "Variance": 0.0, "Standard Deviation": 0.0}, "Overall time for all features": {"Time Taken": 107147.83600000001}}