{"Base": {"Occurrences": 86404, "Overall Time": 100067.64, "Mean": 1.1581366603397991, "Variance": 99413139.23925778, "Standard Deviation": 315.2984922882724}, "Base,Stdout": {"Occurrences": 14, "Overall Time": 0.008, "Mean": 0.0005714285714285714, "Variance": 0.00024489795918367346, "Standard Deviation": 0.0004948716593053935}, "Base,Filter": {"Occurrences": 1, "Overall Time": 0.0, "Mean": 0.0, "Variance": 0.0, "Standard Deviation": 0.0}, "Base,Verbosity": {"Occurrences": 7, "Overall Time": 0.003, "Mean": 0.00042857142857142855, "Variance": 0.00024489795918367346, "Standard Deviation": 0.0004948716593053934}, "Base,FlushTO_val": {"Occurrences": 4, "Overall Time": 0.007, "Mean": 0.00175, "Variance": 0.0061875, "Standard Deviation": 0.00248746859276655}, "Base,FlushTO_val,Threads_val": {"Occurrences": 5, "Overall Time": 0.03, "Mean": 0.006, "Variance": 0.13240000000000002, "Standard Deviation": 0.011506519890914021}, "Base,Cores,FlushTO_val,Threads_val": {"Occurrences": 3, "Overall Time": 0.0, "Mean": 0.0, "Variance": 0.0, "Standard Deviation": 0.0}, "Base,Cores,FlushTO_val": {"Occurrences": 1, "Overall Time": 0.0, "Mean": 0.0, "Variance": 0.0, "Standard Deviation": 0.0}, "Base,Cores": {"Occurrences": 1, "Overall Time": 0.001, "Mean": 0.001, "Variance": 0.0, "Standard Deviation": 0.0}, "Base,ForceOverwrite,Stdout": {"Occurrences": 6, "Overall Time": 0.715, "Mean": 0.11916666666666667, "Variance": 28.31780555555555, "Standard Deviation": 0.16827895161176737}, "Base,ForceOverwrite,KeepIn,Stdout": {"Occurrences": 2, "Overall Time": 0.0, "Mean": 0.0, "Variance": 0.0, "Standard Deviation": 0.0}, "Base,Threads_val": {"Occurrences": 86381, "Overall Time": 60.692, "Mean": 0.0007026082124541276, "Variance": 0.0005447645011024886, "Standard Deviation": 0.0007380816357981607}, "Base,KeepIn": {"Occurrences": 2, "Overall Time": 0.0, "Mean": 0.0, "Variance": 0.0, "Standard Deviation": 0.0}, "Overall time for all features": {"Time Taken": 100129.09599999999}}