{"Base": {"Occurrences": 4, "Overall Time": 5000.389, "Mean": 1250.09725, "Variance": 687596879.3106875, "Standard Deviation": 829.2146159533655}, "Base,FeatureA": {"Occurrences": 3, "Overall Time": 0.002, "Mean": 0.0006666666666666666, "Variance": 0.0008888888888888889, "Standard Deviation": 0.0009428090415820634}, "Base,FeatureB": {"Occurrences": 2, "Overall Time": 0.001, "Mean": 0.0005, "Variance": 0.00025, "Standard Deviation": 0.0005}, "Base,FeatureB,FeatureC": {"Occurrences": 1, "Overall Time": 0.008, "Mean": 0.008, "Variance": 0.0, "Standard Deviation": 0.0}, "Base,FeatureA,FeatureC": {"Occurrences": 1, "Overall Time": 0.0, "Mean": 0.0, "Variance": 0.0, "Standard Deviation": 0.0}, "Overall time for all features": {"Time Taken": 5000.400000000001}}