{"Base": {"Occurrences": 6, "Overall Time": 2000.124, "Mean": 333.354, "Variance": 555617779.5253334, "Standard Deviation": 745.3977324390875}, "Base,FeatureA": {"Occurrences": 2, "Overall Time": 1000.092, "Mean": 500.046, "Variance": 250045002.025, "Standard Deviation": 500.045}, "Base,FeatureB": {"Occurrences": 2, "Overall Time": 2000.083, "Mean": 1000.0415, "Variance": 1000079001.56025, "Standard Deviation": 1000.0395}, "Base,FeatureC": {"Occurrences": 2, "Overall Time": 1000.095, "Mean": 500.0475, "Variance": 250047502.25625, "Standard Deviation": 500.0475}, "Base,FeatureA,FeatureB": {"Occurrences": 1, "Overall Time": 2000.098, "Mean": 2000.098, "Variance": 0.0, "Standard Deviation": 0.0}, "Overall time for all features": {"Time Taken": 8000.492}}