{"Base": {"Occurrences": 6, "Overall Time": 2000.093, "Mean": 333.3488333333333, "Variance": 555602556.5524722, "Standard Deviation": 745.3875210603356}, "Base,FeatureA": {"Occurrences": 2, "Overall Time": 1000.082, "Mean": 500.041, "Variance": 250041001.681, "Standard Deviation": 500.041}, "Base,FeatureB": {"Occurrences": 2, "Overall Time": 2000.086, "Mean": 1000.043, "Variance": 1000082001.681, "Standard Deviation": 1000.041}, "Base,FeatureC": {"Occurrences": 2, "Overall Time": 1000.092, "Mean": 500.046, "Variance": 250046002.116, "Standard Deviation": 500.046}, "Base,FeatureA,FeatureB": {"Occurrences": 1, "Overall Time": 2000.101, "Mean": 2000.101, "Variance": 0.0, "Standard Deviation": 0.0}, "Overall time for all features": {"Time Taken": 8000.454}}