{"Base": {"Occurrences": 6, "Overall Time": 2000.124, "Mean": 333.354, "Variance": 555621779.7523334, "Standard Deviation": 745.4004157178431}, "Base,FeatureA": {"Occurrences": 2, "Overall Time": 1000.101, "Mean": 500.0505, "Variance": 250049502.45025, "Standard Deviation": 500.0495}, "Base,FeatureB": {"Occurrences": 2, "Overall Time": 2000.102, "Mean": 1000.051, "Variance": 1000098002.401, "Standard Deviation": 1000.049}, "Base,FeatureC": {"Occurrences": 2, "Overall Time": 1000.115, "Mean": 500.0575, "Variance": 250056503.19225, "Standard Deviation": 500.0565}, "Base,FeatureA,FeatureB": {"Occurrences": 1, "Overall Time": 2000.111, "Mean": 2000.111, "Variance": 0.0, "Standard Deviation": 0.0}, "Overall time for all features": {"Time Taken": 8000.553}}