{"Base": {"Occurrences": 6, "Overall Time": 2000.124, "Mean": 333.354, "Variance": 555617779.5276666, "Standard Deviation": 745.3977324406526}, "Base,FeatureA": {"Occurrences": 2, "Overall Time": 1000.099, "Mean": 500.0495, "Variance": 250049502.45025, "Standard Deviation": 500.0495}, "Base,FeatureB": {"Occurrences": 2, "Overall Time": 2000.11, "Mean": 1000.055, "Variance": 1000104002.704, "Standard Deviation": 1000.052}, "Base,FeatureC": {"Occurrences": 2, "Overall Time": 1000.1, "Mean": 500.05, "Variance": 250049002.401, "Standard Deviation": 500.049}, "Base,FeatureA,FeatureB": {"Occurrences": 1, "Overall Time": 2000.098, "Mean": 2000.098, "Variance": 0.0, "Standard Deviation": 0.0}, "Overall time for all features": {"Time Taken": 8000.531}}