{"Base": {"Occurrences": 6, "Overall Time": 2000.125, "Mean": 333.3541666666667, "Variance": 555614334.9081388, "Standard Deviation": 745.3954218454381}, "Base,FeatureA": {"Occurrences": 2, "Overall Time": 1000.097, "Mean": 500.0485, "Variance": 250047502.25625, "Standard Deviation": 500.0475}, "Base,FeatureB": {"Occurrences": 2, "Overall Time": 2000.09, "Mean": 1000.045, "Variance": 1000086001.849, "Standard Deviation": 1000.043}, "Base,FeatureC": {"Occurrences": 2, "Overall Time": 1000.099, "Mean": 500.0495, "Variance": 250049502.45025, "Standard Deviation": 500.0495}, "Base,FeatureA,FeatureB": {"Occurrences": 1, "Overall Time": 2000.118, "Mean": 2000.118, "Variance": 0.0, "Standard Deviation": 0.0}, "Overall time for all features": {"Time Taken": 8000.529}}