{"Base": {"Occurrences": 6, "Overall Time": 2000.125, "Mean": 333.3541666666667, "Variance": 555620335.2261388, "Standard Deviation": 745.3994467573335}, "Base,FeatureA": {"Occurrences": 2, "Overall Time": 1000.092, "Mean": 500.046, "Variance": 250045002.025, "Standard Deviation": 500.045}, "Base,FeatureB": {"Occurrences": 2, "Overall Time": 2000.11, "Mean": 1000.055, "Variance": 1000104002.704, "Standard Deviation": 1000.052}, "Base,FeatureC": {"Occurrences": 2, "Overall Time": 1000.099, "Mean": 500.0495, "Variance": 250049502.45025, "Standard Deviation": 500.0495}, "Base,FeatureA,FeatureB": {"Occurrences": 1, "Overall Time": 2000.095, "Mean": 2000.095, "Variance": 0.0, "Standard Deviation": 0.0}, "Overall time for all features": {"Time Taken": 8000.521000000001}}