{"Base": {"Occurrences": 6, "Overall Time": 2000.155, "Mean": 333.3591666666667, "Variance": 555632335.9924722, "Standard Deviation": 745.4074966033493}, "Base,FeatureA": {"Occurrences": 2, "Overall Time": 1000.116, "Mean": 500.058, "Variance": 250057003.249, "Standard Deviation": 500.057}, "Base,FeatureB": {"Occurrences": 2, "Overall Time": 2000.089, "Mean": 1000.0445, "Variance": 1000087001.89225, "Standard Deviation": 1000.0435}, "Base,FeatureC": {"Occurrences": 2, "Overall Time": 1000.109, "Mean": 500.0545, "Variance": 250053502.86225, "Standard Deviation": 500.0535}, "Base,FeatureA,FeatureB": {"Occurrences": 1, "Overall Time": 2000.114, "Mean": 2000.114, "Variance": 0.0, "Standard Deviation": 0.0}, "Overall time for all features": {"Time Taken": 8000.5830000000005}}