{"Base": {"Occurrences": 6, "Overall Time": 2000.13, "Mean": 333.355, "Variance": 555621113.0526667, "Standard Deviation": 745.3999685086301}, "Base,FeatureA": {"Occurrences": 2, "Overall Time": 1000.099, "Mean": 500.0495, "Variance": 250048502.35225, "Standard Deviation": 500.0485}, "Base,FeatureB": {"Occurrences": 2, "Overall Time": 2000.092, "Mean": 1000.046, "Variance": 1000088001.936, "Standard Deviation": 1000.044}, "Base,FeatureC": {"Occurrences": 2, "Overall Time": 1000.106, "Mean": 500.053, "Variance": 250053002.809, "Standard Deviation": 500.053}, "Base,FeatureA,FeatureB": {"Occurrences": 1, "Overall Time": 2000.109, "Mean": 2000.109, "Variance": 0.0, "Standard Deviation": 0.0}, "Overall time for all features": {"Time Taken": 8000.536}}