{"Base": {"Occurrences": 6, "Overall Time": 2000.144, "Mean": 333.3573333333333, "Variance": 555627557.8948888, "Standard Deviation": 745.4042915726262}, "Base,FeatureA": {"Occurrences": 2, "Overall Time": 1000.108, "Mean": 500.054, "Variance": 250054002.916, "Standard Deviation": 500.054}, "Base,FeatureB": {"Occurrences": 2, "Overall Time": 2000.092, "Mean": 1000.046, "Variance": 1000088001.936, "Standard Deviation": 1000.044}, "Base,FeatureC": {"Occurrences": 2, "Overall Time": 1000.092, "Mean": 500.046, "Variance": 250046002.116, "Standard Deviation": 500.046}, "Base,FeatureA,FeatureB": {"Occurrences": 1, "Overall Time": 2000.118, "Mean": 2000.118, "Variance": 0.0, "Standard Deviation": 0.0}, "Overall time for all features": {"Time Taken": 8000.554}}