{"Base": {"Occurrences": 6, "Overall Time": 2000.13, "Mean": 333.355, "Variance": 555620446.344, "Standard Deviation": 745.3995212931117}, "Base,FeatureA": {"Occurrences": 2, "Overall Time": 1000.093, "Mean": 500.0465, "Variance": 250046502.16225, "Standard Deviation": 500.0465}, "Base,FeatureB": {"Occurrences": 2, "Overall Time": 2000.087, "Mean": 1000.0435, "Variance": 1000083001.72225, "Standard Deviation": 1000.0415}, "Base,FeatureC": {"Occurrences": 2, "Overall Time": 1000.098, "Mean": 500.049, "Variance": 250049002.401, "Standard Deviation": 500.049}, "Base,FeatureA,FeatureB": {"Occurrences": 1, "Overall Time": 2000.105, "Mean": 2000.105, "Variance": 0.0, "Standard Deviation": 0.0}, "Overall time for all features": {"Time Taken": 8000.512999999999}}