{"Base": {"Occurrences": 6, "Overall Time": 2000.149, "Mean": 333.3581666666667, "Variance": 555629002.4414723, "Standard Deviation": 745.4052605405145}, "Base,FeatureA": {"Occurrences": 2, "Overall Time": 1000.11, "Mean": 500.055, "Variance": 250055003.025, "Standard Deviation": 500.055}, "Base,FeatureB": {"Occurrences": 2, "Overall Time": 2000.105, "Mean": 1000.0525, "Variance": 1000101002.55025, "Standard Deviation": 1000.0505}, "Base,FeatureC": {"Occurrences": 2, "Overall Time": 1000.111, "Mean": 500.0555, "Variance": 250055503.08025, "Standard Deviation": 500.0555}, "Base,FeatureA,FeatureB": {"Occurrences": 1, "Overall Time": 2000.076, "Mean": 2000.076, "Variance": 0.0, "Standard Deviation": 0.0}, "Overall time for all features": {"Time Taken": 8000.5509999999995}}