{"Base": {"Occurrences": 6.0, "Overall Time": 2000.141, "Mean": 333.3568333333333, "Variance": 555626557.8288058, "Standard Deviation": 745.4036207510705}, "Base,FeatureA": {"Occurrences": 2.0, "Overall Time": 1000.119, "Mean": 500.0595, "Variance": 250058503.42225, "Standard Deviation": 500.0585}, "Base,FeatureB": {"Occurrences": 2.0, "Overall Time": 2000.101, "Mean": 1000.0505, "Variance": 1000097002.35225, "Standard Deviation": 1000.0485}, "Base,FeatureC": {"Occurrences": 2.0, "Overall Time": 1000.109, "Mean": 500.0545, "Variance": 250054502.97025, "Standard Deviation": 500.0545}, "Base,FeatureA,FeatureB": {"Occurrences": 1.0, "Overall Time": 2000.116, "Mean": 2000.116, "Variance": 0.0, "Standard Deviation": 0.0}, "Overall time for all features": {"Time Taken": 8000.586000000001}, "Number of Repetitions": {"Repetitions": 30}}