{"Base": {"Occurrences": 5, "Overall Time": 2000.128, "Mean": 400.0256, "Variance": 640077922.3754398, "Standard Deviation": 800.0487000023435}, "Base,FeatureB": {"Occurrences": 1, "Overall Time": 2000.104, "Mean": 2000.104, "Variance": 0.0, "Standard Deviation": 0.0}, "Base,FeatureC": {"Occurrences": 2, "Overall Time": 1000.111, "Mean": 500.0555, "Variance": 250054502.97025, "Standard Deviation": 500.0545}, "Base,FeatureD": {"Occurrences": 2, "Overall Time": 2000.113, "Mean": 1000.0565, "Variance": 1000111003.08025, "Standard Deviation": 1000.0555}, "Base,FeatureC,FeatureD": {"Occurrences": 1, "Overall Time": 0.015, "Mean": 0.015, "Variance": 0.0, "Standard Deviation": 0.0}, "Overall time for all features": {"Time Taken": 7000.4710000000005}}