{"Base": {"Occurrences": 5, "Overall Time": 2000.148, "Mean": 400.02959999999996, "Variance": 640086722.9430398, "Standard Deviation": 800.0542000033746}, "Base,FeatureB": {"Occurrences": 1, "Overall Time": 2000.098, "Mean": 2000.098, "Variance": 0.0, "Standard Deviation": 0.0}, "Base,FeatureC": {"Occurrences": 2, "Overall Time": 1000.091, "Mean": 500.0455, "Variance": 250044501.98025, "Standard Deviation": 500.0445}, "Base,FeatureD": {"Occurrences": 2, "Overall Time": 2000.105, "Mean": 1000.0525, "Variance": 1000103002.65225, "Standard Deviation": 1000.0515}, "Base,FeatureC,FeatureD": {"Occurrences": 1, "Overall Time": 0.029, "Mean": 0.029, "Variance": 0.0, "Standard Deviation": 0.0}, "Overall time for all features": {"Time Taken": 7000.471000000001}}