{"Base": {"Occurrences": 86404, "Overall Time": 74293.671, "Mean": 0.8598406439516689, "Variance": 1595.399412860823, "Standard Deviation": 1.2630912131991192}, "Base,Stdout": {"Occurrences": 14, "Overall Time": 0.009, "Mean": 0.0006428571428571429, "Variance": 0.0006581632653061226, "Standard Deviation": 0.0008112726208286107}, "Base,Filter": {"Occurrences": 1, "Overall Time": 0.0, "Mean": 0.0, "Variance": 0.0, "Standard Deviation": 0.0}, "Base,Verbosity": {"Occurrences": 7, "Overall Time": 0.005, "Mean": 0.0007142857142857143, "Variance": 0.00020408163265306126, "Standard Deviation": 0.00045175395145262567}, "Base,FlushTO_val": {"Occurrences": 3, "Overall Time": 0.036, "Mean": 0.012, "Variance": 0.288, "Standard Deviation": 0.01697056274847714}, "Base,FlushTO_val,Threads_val": {"Occurrences": 1, "Overall Time": 0.0, "Mean": 0.0, "Variance": 0.0, "Standard Deviation": 0.0}, "Base,Cores,FlushTO_val": {"Occurrences": 1, "Overall Time": 0.001, "Mean": 0.001, "Variance": 0.0, "Standard Deviation": 0.0}, "Base,Cores": {"Occurrences": 1, "Overall Time": 0.0, "Mean": 0.0, "Variance": 0.0, "Standard Deviation": 0.0}, "Base,ForceOverwrite,Stdout": {"Occurrences": 6, "Overall Time": 0.768, "Mean": 0.128, "Variance": 40.86533333333334, "Standard Deviation": 0.20215175817522174}, "Base,ForceOverwrite,KeepIn,Stdout": {"Occurrences": 2, "Overall Time": 0.002, "Mean": 0.001, "Variance": 0.0, "Standard Deviation": 0.0}, "Base,Threads_val": {"Occurrences": 86381, "Overall Time": 90.748, "Mean": 0.0010505550989222167, "Variance": 0.6076343666533497, "Standard Deviation": 0.024650240701732502}, "Base,KeepIn": {"Occurrences": 2, "Overall Time": 0.002, "Mean": 0.001, "Variance": 0.0, "Standard Deviation": 0.0}, "Overall time for all features": {"Time Taken": 74385.242}}