{"Base": {"Occurrences": 86404, "Overall Time": 74314.851, "Mean": 0.8600857714920606, "Variance": 1597.7656255884854, "Standard Deviation": 1.2640275414675446}, "Base,Stdout": {"Occurrences": 14, "Overall Time": 0.014, "Mean": 0.001, "Variance": 0.0002857142857142857, "Standard Deviation": 0.0005345224838248488}, "Base,Filter": {"Occurrences": 1, "Overall Time": 0.0, "Mean": 0.0, "Variance": 0.0, "Standard Deviation": 0.0}, "Base,Verbosity": {"Occurrences": 7, "Overall Time": 0.003, "Mean": 0.00042857142857142855, "Variance": 0.00024489795918367346, "Standard Deviation": 0.0004948716593053934}, "Base,FlushTO_val": {"Occurrences": 3, "Overall Time": 0.038, "Mean": 0.012666666666666666, "Variance": 0.2962222222222222, "Standard Deviation": 0.01721110752456745}, "Base,FlushTO_val,Threads_val": {"Occurrences": 1, "Overall Time": 0.0, "Mean": 0.0, "Variance": 0.0, "Standard Deviation": 0.0}, "Base,Cores,FlushTO_val": {"Occurrences": 1, "Overall Time": 0.0, "Mean": 0.0, "Variance": 0.0, "Standard Deviation": 0.0}, "Base,Cores": {"Occurrences": 1, "Overall Time": 0.001, "Mean": 0.001, "Variance": 0.0, "Standard Deviation": 0.0}, "Base,ForceOverwrite,Stdout": {"Occurrences": 6, "Overall Time": 0.766, "Mean": 0.12766666666666668, "Variance": 41.52822222222222, "Standard Deviation": 0.20378474482213388}, "Base,ForceOverwrite,KeepIn,Stdout": {"Occurrences": 2, "Overall Time": 0.0, "Mean": 0.0, "Variance": 0.0, "Standard Deviation": 0.0}, "Base,Threads_val": {"Occurrences": 86381, "Overall Time": 94.279, "Mean": 0.0010914321436426993, "Variance": 0.5255764331152624, "Standard Deviation": 0.022925453825720928}, "Base,KeepIn": {"Occurrences": 2, "Overall Time": 0.001, "Mean": 0.0005, "Variance": 0.00025, "Standard Deviation": 0.0005}, "Overall time for all features": {"Time Taken": 74409.953}}