{"Base": {"Occurrences": 5, "Overall Time": 2000.124, "Mean": 400.02479999999997, "Variance": 640072962.08376, "Standard Deviation": 800.0456000027498}, "Base,FeatureA": {"Occurrences": 2, "Overall Time": 1000.095, "Mean": 500.0475, "Variance": 250047502.25625, "Standard Deviation": 500.0475}, "Base,FeatureB": {"Occurrences": 2, "Overall Time": 2000.092, "Mean": 1000.046, "Variance": 1000084001.764, "Standard Deviation": 1000.042}, "Base,FeatureD": {"Occurrences": 1, "Overall Time": 2000.112, "Mean": 2000.112, "Variance": 0.0, "Standard Deviation": 0.0}, "Base,FeatureA,FeatureB": {"Occurrences": 1, "Overall Time": 2000.119, "Mean": 2000.119, "Variance": 0.0, "Standard Deviation": 0.0}, "Overall time for all features": {"Time Taken": 9000.542}}