{"Base": {"Occurrences": 5, "Overall Time": 2000.116, "Mean": 400.02320000000003, "Variance": 640067841.8021599, "Standard Deviation": 800.0424000027498}, "Base,FeatureA": {"Occurrences": 2, "Overall Time": 1000.101, "Mean": 500.0505, "Variance": 250049502.45025, "Standard Deviation": 500.0495}, "Base,FeatureB": {"Occurrences": 2, "Overall Time": 2000.109, "Mean": 1000.0545, "Variance": 1000105002.75625, "Standard Deviation": 1000.0525}, "Base,FeatureD": {"Occurrences": 1, "Overall Time": 2000.116, "Mean": 2000.116, "Variance": 0.0, "Standard Deviation": 0.0}, "Base,FeatureA,FeatureB": {"Occurrences": 1, "Overall Time": 2000.107, "Mean": 2000.107, "Variance": 0.0, "Standard Deviation": 0.0}, "Overall time for all features": {"Time Taken": 9000.548999999999}}