{"Base": {"Occurrences": 86404, "Overall Time": 16495.873, "Mean": 0.1909156173325309, "Variance": 276137.01499784464, "Standard Deviation": 16.61737088103424}, "Base,Stdout": {"Occurrences": 14, "Overall Time": 0.009, "Mean": 0.0006428571428571429, "Variance": 0.0002295918367346939, "Standard Deviation": 0.00047915742374995496}, "Base,Filter": {"Occurrences": 1, "Overall Time": 0.001, "Mean": 0.001, "Variance": 0.0, "Standard Deviation": 0.0}, "Base,Verbosity": {"Occurrences": 7, "Overall Time": 0.005, "Mean": 0.0007142857142857143, "Variance": 0.00020408163265306123, "Standard Deviation": 0.00045175395145262567}, "Base,FlushTO_val": {"Occurrences": 4, "Overall Time": 0.007, "Mean": 0.00175, "Variance": 0.0091875, "Standard Deviation": 0.003031088913245535}, "Base,FlushTO_val,Threads_val": {"Occurrences": 5, "Overall Time": 0.032, "Mean": 0.0064, "Variance": 0.13944, "Standard Deviation": 0.011808471535300409}, "Base,Cores,FlushTO_val,Threads_val": {"Occurrences": 3, "Overall Time": 0.0, "Mean": 0.0, "Variance": 0.0, "Standard Deviation": 0.0}, "Base,Cores,FlushTO_val": {"Occurrences": 1, "Overall Time": 0.0, "Mean": 0.0, "Variance": 0.0, "Standard Deviation": 0.0}, "Base,Cores": {"Occurrences": 1, "Overall Time": 0.001, "Mean": 0.001, "Variance": 0.0, "Standard Deviation": 0.0}, "Base,ForceOverwrite,Stdout": {"Occurrences": 6, "Overall Time": 0.649, "Mean": 0.10816666666666667, "Variance": 23.353138888888886, "Standard Deviation": 0.15281733831240774}, "Base,ForceOverwrite,KeepIn,Stdout": {"Occurrences": 2, "Overall Time": 0.001, "Mean": 0.0005, "Variance": 0.00025, "Standard Deviation": 0.0005}, "Base,Threads_val": {"Occurrences": 86381, "Overall Time": 68.191, "Mean": 0.0007894212847732719, "Variance": 0.0007703496506179114, "Standard Deviation": 0.0008776956480568372}, "Base,KeepIn": {"Occurrences": 2, "Overall Time": 0.002, "Mean": 0.001, "Variance": 0.0, "Standard Deviation": 0.0}, "Overall time for all features": {"Time Taken": 16564.771}}