{"Base": {"Occurrences": 4, "Overall Time": 2000.125, "Mean": 500.03125, "Variance": 750085752.4581875, "Standard Deviation": 866.074911574159}, "Base,FeatureB": {"Occurrences": 1, "Overall Time": 2000.091, "Mean": 2000.091, "Variance": 0.0, "Standard Deviation": 0.0}, "Base,FeatureC": {"Occurrences": 2, "Overall Time": 1000.096, "Mean": 500.048, "Variance": 250048002.304, "Standard Deviation": 500.048}, "Overall time for all features": {"Time Taken": 5000.312}}