{"Base": {"Occurrences": 4, "Overall Time": 2000.143, "Mean": 500.03575, "Variance": 750099253.2906874, "Standard Deviation": 866.0827058027932}, "Base,FeatureB": {"Occurrences": 1, "Overall Time": 2000.097, "Mean": 2000.097, "Variance": 0.0, "Standard Deviation": 0.0}, "Base,FeatureC": {"Occurrences": 2, "Overall Time": 1000.108, "Mean": 500.054, "Variance": 250054002.916, "Standard Deviation": 500.054}, "Overall time for all features": {"Time Taken": 5000.348}}