{"Base": {"Occurrences": 4, "Overall Time": 2000.133, "Mean": 500.03325, "Variance": 750090752.7546875, "Standard Deviation": 866.0777983268522}, "Base,FeatureB": {"Occurrences": 1, "Overall Time": 2000.105, "Mean": 2000.105, "Variance": 0.0, "Standard Deviation": 0.0}, "Base,FeatureC": {"Occurrences": 2, "Overall Time": 1000.111, "Mean": 500.0555, "Variance": 250054502.97025, "Standard Deviation": 500.0545}, "Overall time for all features": {"Time Taken": 5000.349}}