{"Base": {"Occurrences": 4, "Overall Time": 2000.141, "Mean": 500.03525, "Variance": 750097753.1921875, "Standard Deviation": 866.0818397773893}, "Base,FeatureB": {"Occurrences": 1, "Overall Time": 2000.095, "Mean": 2000.095, "Variance": 0.0, "Standard Deviation": 0.0}, "Base,FeatureC": {"Occurrences": 2, "Overall Time": 1000.09, "Mean": 500.045, "Variance": 250044001.936, "Standard Deviation": 500.044}, "Overall time for all features": {"Time Taken": 5000.326}}