{"Base": {"Occurrences": 4, "Overall Time": 2000.139, "Mean": 500.03475, "Variance": 750096253.0921875, "Standard Deviation": 866.0809737502536}, "Base,FeatureB": {"Occurrences": 1, "Overall Time": 2000.088, "Mean": 2000.088, "Variance": 0.0, "Standard Deviation": 0.0}, "Base,FeatureC": {"Occurrences": 2, "Overall Time": 1000.086, "Mean": 500.043, "Variance": 250042001.764, "Standard Deviation": 500.042}, "Overall time for all features": {"Time Taken": 5000.313}}