{"Base": {"Occurrences": 4, "Overall Time": 2000.127, "Mean": 500.03175, "Variance": 750088252.6011875, "Standard Deviation": 866.0763549486775}, "Base,FeatureC": {"Occurrences": 2, "Overall Time": 1000.096, "Mean": 500.048, "Variance": 250048002.304, "Standard Deviation": 500.048}, "Base,FeatureD": {"Occurrences": 2, "Overall Time": 2000.099, "Mean": 1000.0495, "Variance": 1000097002.35225, "Standard Deviation": 1000.0485}, "Base,FeatureC,FeatureD": {"Occurrences": 1, "Overall Time": 0.022, "Mean": 0.022, "Variance": 0.0, "Standard Deviation": 0.0}, "Overall time for all features": {"Time Taken": 5000.344}}