{"Base": {"Occurrences": 4, "Overall Time": 2000.151, "Mean": 500.03775, "Variance": 750105253.7031875, "Standard Deviation": 866.0861699064288}, "Base,FeatureC": {"Occurrences": 2, "Overall Time": 1000.117, "Mean": 500.0585, "Variance": 250058503.42225, "Standard Deviation": 500.0585}, "Base,FeatureD": {"Occurrences": 2, "Overall Time": 2000.123, "Mean": 1000.0615, "Variance": 1000121003.66025, "Standard Deviation": 1000.0605}, "Base,FeatureC,FeatureD": {"Occurrences": 1, "Overall Time": 0.021, "Mean": 0.021, "Variance": 0.0, "Standard Deviation": 0.0}, "Overall time for all features": {"Time Taken": 5000.411999999999}}