{"Base": {"Occurrences": 4, "Overall Time": 2000.125, "Mean": 500.03125, "Variance": 750083752.3461875, "Standard Deviation": 866.0737568741981}, "Base,FeatureC": {"Occurrences": 2, "Overall Time": 1000.092, "Mean": 500.046, "Variance": 250045002.025, "Standard Deviation": 500.045}, "Base,FeatureD": {"Occurrences": 2, "Overall Time": 2000.097, "Mean": 1000.0485, "Variance": 1000095002.25625, "Standard Deviation": 1000.0475}, "Base,FeatureC,FeatureD": {"Occurrences": 1, "Overall Time": 0.018, "Mean": 0.018, "Variance": 0.0, "Standard Deviation": 0.0}, "Overall time for all features": {"Time Taken": 5000.332}}