{"Base": {"Occurrences": 86404, "Overall Time": 25605.544, "Mean": 0.29634674320633303, "Variance": 4396321.199707763, "Standard Deviation": 66.30476000791921}, "Base,Stdout": {"Occurrences": 14, "Overall Time": 0.005, "Mean": 0.00035714285714285714, "Variance": 0.00022959183673469387, "Standard Deviation": 0.0004791574237499549}, "Base,Filter": {"Occurrences": 1, "Overall Time": 0.0, "Mean": 0.0, "Variance": 0.0, "Standard Deviation": 0.0}, "Base,Verbosity": {"Occurrences": 7, "Overall Time": 0.002, "Mean": 0.0002857142857142857, "Variance": 0.00020408163265306126, "Standard Deviation": 0.00045175395145262567}, "Base,FlushTO_val": {"Occurrences": 4, "Overall Time": 0.005, "Mean": 0.00125, "Variance": 0.0046875, "Standard Deviation": 0.0021650635094610966}, "Base,FlushTO_val,Threads_val": {"Occurrences": 5, "Overall Time": 0.029, "Mean": 0.0058, "Variance": 0.11256, "Standard Deviation": 0.010609429767899874}, "Base,Cores,FlushTO_val,Threads_val": {"Occurrences": 3, "Overall Time": 0.001, "Mean": 0.0003333333333333333, "Variance": 0.00022222222222222223, "Standard Deviation": 0.0004714045207910317}, "Base,Cores,FlushTO_val": {"Occurrences": 1, "Overall Time": 0.0, "Mean": 0.0, "Variance": 0.0, "Standard Deviation": 0.0}, "Base,Cores": {"Occurrences": 1, "Overall Time": 0.001, "Mean": 0.001, "Variance": 0.0, "Standard Deviation": 0.0}, "Base,ForceOverwrite,Stdout": {"Occurrences": 6, "Overall Time": 0.89, "Mean": 0.14833333333333334, "Variance": 43.870888888888885, "Standard Deviation": 0.20945378700059086}, "Base,ForceOverwrite,KeepIn,Stdout": {"Occurrences": 2, "Overall Time": 0.001, "Mean": 0.0005, "Variance": 0.00025, "Standard Deviation": 0.0005}, "Base,Threads_val": {"Occurrences": 86381, "Overall Time": 64.455, "Mean": 0.0007461710329817899, "Variance": 0.0005620975222463125, "Standard Deviation": 0.000749731633483817}, "Base,KeepIn": {"Occurrences": 2, "Overall Time": 0.002, "Mean": 0.001, "Variance": 0.0, "Standard Deviation": 0.0}, "Overall time for all features": {"Time Taken": 25670.935000000005}}