{"Base": {"Occurrences": 86404, "Overall Time": 10818.264, "Mean": 0.12520559233368825, "Variance": 12019.084284151862, "Standard Deviation": 3.4668550999647882}, "Base,Stdout": {"Occurrences": 14, "Overall Time": 0.011, "Mean": 0.0007857142857142857, "Variance": 0.00016836734693877556, "Standard Deviation": 0.000410325903324145}, "Base,Filter": {"Occurrences": 1, "Overall Time": 0.0, "Mean": 0.0, "Variance": 0.0, "Standard Deviation": 0.0}, "Base,Verbosity": {"Occurrences": 7, "Overall Time": 0.003, "Mean": 0.00042857142857142855, "Variance": 0.00024489795918367346, "Standard Deviation": 0.0004948716593053934}, "Base,FlushTO_val": {"Occurrences": 4, "Overall Time": 0.007, "Mean": 0.00175, "Variance": 0.0061875, "Standard Deviation": 0.00248746859276655}, "Base,FlushTO_val,Threads_val": {"Occurrences": 5, "Overall Time": 0.033, "Mean": 0.0066, "Variance": 0.16144, "Standard Deviation": 0.012705904139414873}, "Base,Cores,FlushTO_val,Threads_val": {"Occurrences": 3, "Overall Time": 0.001, "Mean": 0.0003333333333333333, "Variance": 0.00022222222222222223, "Standard Deviation": 0.0004714045207910317}, "Base,Cores,FlushTO_val": {"Occurrences": 1, "Overall Time": 0.001, "Mean": 0.001, "Variance": 0.0, "Standard Deviation": 0.0}, "Base,Cores": {"Occurrences": 1, "Overall Time": 0.0, "Mean": 0.0, "Variance": 0.0, "Standard Deviation": 0.0}, "Base,ForceOverwrite,Stdout": {"Occurrences": 6, "Overall Time": 0.737, "Mean": 0.12283333333333332, "Variance": 32.037805555555565, "Standard Deviation": 0.17899107674841103}, "Base,ForceOverwrite,KeepIn,Stdout": {"Occurrences": 2, "Overall Time": 0.0, "Mean": 0.0, "Variance": 0.0, "Standard Deviation": 0.0}, "Base,Threads_val": {"Occurrences": 86381, "Overall Time": 88.758, "Mean": 0.0010275176254037346, "Variance": 0.0007684512867924118, "Standard Deviation": 0.0008766135333158004}, "Base,KeepIn": {"Occurrences": 2, "Overall Time": 0.001, "Mean": 0.0005, "Variance": 0.00025, "Standard Deviation": 0.0005}, "Overall time for all features": {"Time Taken": 10907.815999999999}}