{"Base": {"Occurrences": 6, "Overall Time": 2000.134, "Mean": 333.3556666666667, "Variance": 555621335.2892221, "Standard Deviation": 745.4001175806335}, "Base,FeatureA": {"Occurrences": 2, "Overall Time": 1000.088, "Mean": 500.044, "Variance": 250043001.849, "Standard Deviation": 500.043}, "Base,FeatureC": {"Occurrences": 2, "Overall Time": 1000.081, "Mean": 500.0405, "Variance": 250040501.64025, "Standard Deviation": 500.0405}, "Base,FeatureD": {"Occurrences": 2, "Overall Time": 2000.103, "Mean": 1000.0515, "Variance": 1000103002.65225, "Standard Deviation": 1000.0515}, "Base,FeatureC,FeatureD": {"Occurrences": 1, "Overall Time": 0.03, "Mean": 0.03, "Variance": 0.0, "Standard Deviation": 0.0}, "Overall time for all features": {"Time Taken": 6000.436}}