{"Base": {"Occurrences": 6, "Overall Time": 2000.133, "Mean": 333.3555, "Variance": 555621446.4049166, "Standard Deviation": 745.4001921148912}, "Base,FeatureA": {"Occurrences": 2, "Overall Time": 1000.096, "Mean": 500.048, "Variance": 250047002.209, "Standard Deviation": 500.047}, "Base,FeatureC": {"Occurrences": 2, "Overall Time": 1000.085, "Mean": 500.0425, "Variance": 250041501.72225, "Standard Deviation": 500.0415}, "Base,FeatureD": {"Occurrences": 2, "Overall Time": 2000.101, "Mean": 1000.0505, "Variance": 1000101002.55025, "Standard Deviation": 1000.0505}, "Base,FeatureC,FeatureD": {"Occurrences": 1, "Overall Time": 0.025, "Mean": 0.025, "Variance": 0.0, "Standard Deviation": 0.0}, "Overall time for all features": {"Time Taken": 6000.4400000000005}}