{"Base": {"Occurrences": 6, "Overall Time": 2000.146, "Mean": 333.35766666666666, "Variance": 555629335.7878889, "Standard Deviation": 745.4054841412752}, "Base,FeatureA": {"Occurrences": 2, "Overall Time": 1000.103, "Mean": 500.0515, "Variance": 250050502.55025, "Standard Deviation": 500.0505}, "Base,FeatureC": {"Occurrences": 2, "Overall Time": 1000.088, "Mean": 500.044, "Variance": 250044001.936, "Standard Deviation": 500.044}, "Base,FeatureD": {"Occurrences": 2, "Overall Time": 2000.09, "Mean": 1000.045, "Variance": 1000088001.936, "Standard Deviation": 1000.044}, "Base,FeatureC,FeatureD": {"Occurrences": 1, "Overall Time": 0.023, "Mean": 0.023, "Variance": 0.0, "Standard Deviation": 0.0}, "Overall time for all features": {"Time Taken": 6000.45}}