{"Base": {"Occurrences": 6, "Overall Time": 2000.125, "Mean": 333.3541666666667, "Variance": 555617668.4078056, "Standard Deviation": 745.397657903354}, "Base,FeatureA": {"Occurrences": 2, "Overall Time": 1000.095, "Mean": 500.0475, "Variance": 250046502.16225, "Standard Deviation": 500.0465}, "Base,FeatureC": {"Occurrences": 2, "Overall Time": 1000.088, "Mean": 500.044, "Variance": 250043001.849, "Standard Deviation": 500.043}, "Base,FeatureD": {"Occurrences": 2, "Overall Time": 2000.101, "Mean": 1000.0505, "Variance": 1000101002.55025, "Standard Deviation": 1000.0505}, "Base,FeatureC,FeatureD": {"Occurrences": 1, "Overall Time": 0.025, "Mean": 0.025, "Variance": 0.0, "Standard Deviation": 0.0}, "Overall time for all features": {"Time Taken": 6000.433999999999}}