{"Base": {"Occurrences": 6, "Overall Time": 2000.14, "Mean": 333.3566666666667, "Variance": 555622002.0102223, "Standard Deviation": 745.4005648040671}, "Base,FeatureA": {"Occurrences": 2, "Overall Time": 1000.095, "Mean": 500.0475, "Variance": 250047502.25625, "Standard Deviation": 500.0475}, "Base,FeatureC": {"Occurrences": 2, "Overall Time": 1000.088, "Mean": 500.044, "Variance": 250044001.936, "Standard Deviation": 500.044}, "Base,FeatureD": {"Occurrences": 2, "Overall Time": 2000.11, "Mean": 1000.055, "Variance": 1000108002.916, "Standard Deviation": 1000.054}, "Base,FeatureC,FeatureD": {"Occurrences": 1, "Overall Time": 0.028, "Mean": 0.028, "Variance": 0.0, "Standard Deviation": 0.0}, "Overall time for all features": {"Time Taken": 6000.461}}