{"Base": {"Occurrences": 86404.0, "Overall Time": 3772.814, "Mean": 0.04366480718485256, "Variance": 1042.463136777761, "Standard Deviation": 1.021010840675926}, "Base,Stdout": {"Occurrences": 14.0, "Overall Time": 0.007, "Mean": 0.0005, "Variance": 0.0003928571428571429, "Standard Deviation": 0.0006267831705280087}, "Base,Filter": {"Occurrences": 1.0, "Overall Time": 0.001, "Mean": 0.001, "Variance": 0.0, "Standard Deviation": 0.0}, "Base,Verbosity": {"Occurrences": 7.0, "Overall Time": 0.004, "Mean": 0.0005714285714285714, "Variance": 0.00024489795918367346, "Standard Deviation": 0.0004948716593053935}, "Base,FlushTO_val": {"Occurrences": 4.0, "Overall Time": 0.008, "Mean": 0.002, "Variance": 0.012, "Standard Deviation": 0.0034641016151377543}, "Base,FlushTO_val,Threads_val": {"Occurrences": 5.0, "Overall Time": 0.031, "Mean": 0.0062, "Variance": 0.13016000000000003, "Standard Deviation": 0.011408768557561328}, "Base,Cores,FlushTO_val,Threads_val": {"Occurrences": 3.0, "Overall Time": 0.0, "Mean": 0.0, "Variance": 0.0, "Standard Deviation": 0.0}, "Base,Cores,FlushTO_val": {"Occurrences": 1.0, "Overall Time": 0.001, "Mean": 0.001, "Variance": 0.0, "Standard Deviation": 0.0}, "Base,Cores": {"Occurrences": 1.0, "Overall Time": 0.0, "Mean": 0.0, "Variance": 0.0, "Standard Deviation": 0.0}, "Base,ForceOverwrite,Stdout": {"Occurrences": 6.0, "Overall Time": 0.487, "Mean": 0.08116666666666666, "Variance": 13.038472222222222, "Standard Deviation": 0.11418612972783612}, "Base,ForceOverwrite,KeepIn,Stdout": {"Occurrences": 2.0, "Overall Time": 0.001, "Mean": 0.0005, "Variance": 0.00025, "Standard Deviation": 0.0005}, "Base,Threads_val": {"Occurrences": 86381.0, "Overall Time": 86.221, "Mean": 0.0009981477408226346, "Variance": 0.0009269596744484506, "Standard Deviation": 0.0009627874502965079}, "Base,KeepIn": {"Occurrences": 2.0, "Overall Time": 0.002, "Mean": 0.001, "Variance": 0.0, "Standard Deviation": 0.0}, "Overall time for all features": {"Time Taken": 3859.577}, "Number of Repetitions": {"Repetitions": 30}}