{"Base": {"Occurrences": 86404, "Overall Time": 36982.734, "Mean": 0.42802108698671354, "Variance": 2622501.8822734314, "Standard Deviation": 51.21036889413541}, "Base,Stdout": {"Occurrences": 14, "Overall Time": 0.01, "Mean": 0.0007142857142857143, "Variance": 0.0004897959183673469, "Standard Deviation": 0.0006998542122237652}, "Base,Filter": {"Occurrences": 1, "Overall Time": 0.0, "Mean": 0.0, "Variance": 0.0, "Standard Deviation": 0.0}, "Base,Verbosity": {"Occurrences": 7, "Overall Time": 0.006, "Mean": 0.0008571428571428571, "Variance": 0.00012244897959183676, "Standard Deviation": 0.0003499271061118826}, "Base,FlushTO_val": {"Occurrences": 4, "Overall Time": 0.007, "Mean": 0.00175, "Variance": 0.0036875, "Standard Deviation": 0.001920286436967152}, "Base,FlushTO_val,Threads_val": {"Occurrences": 5, "Overall Time": 0.029, "Mean": 0.0058, "Variance": 0.10216, "Standard Deviation": 0.010107423014794621}, "Base,Cores,FlushTO_val,Threads_val": {"Occurrences": 3, "Overall Time": 0.0, "Mean": 0.0, "Variance": 0.0, "Standard Deviation": 0.0}, "Base,Cores,FlushTO_val": {"Occurrences": 1, "Overall Time": 0.001, "Mean": 0.001, "Variance": 0.0, "Standard Deviation": 0.0}, "Base,Cores": {"Occurrences": 1, "Overall Time": 0.0, "Mean": 0.0, "Variance": 0.0, "Standard Deviation": 0.0}, "Base,ForceOverwrite,Stdout": {"Occurrences": 6, "Overall Time": 0.825, "Mean": 0.1375, "Variance": 39.53458333333334, "Standard Deviation": 0.19883305392548126}, "Base,ForceOverwrite,KeepIn,Stdout": {"Occurrences": 2, "Overall Time": 0.002, "Mean": 0.001, "Variance": 0.0, "Standard Deviation": 0.0}, "Base,Threads_val": {"Occurrences": 86381, "Overall Time": 65.631, "Mean": 0.0007597851379354256, "Variance": 0.000709456264828609, "Standard Deviation": 0.0008422922680570023}, "Base,KeepIn": {"Occurrences": 2, "Overall Time": 0.002, "Mean": 0.001, "Variance": 0.0, "Standard Deviation": 0.0}, "Overall time for all features": {"Time Taken": 37049.246999999996}}