{"Base": {"Occurrences": 86404.0, "Overall Time": 60682.291, "Mean": 0.7023088167214481, "Variance": 1072.2929342026225, "Standard Deviation": 1.0355157817255238}, "Base,Stdout": {"Occurrences": 14.0, "Overall Time": 0.013, "Mean": 0.0009285714285714286, "Variance": 6.632653061224487e-05, "Standard Deviation": 0.0002575393768188564}, "Base,Filter": {"Occurrences": 1.0, "Overall Time": 0.001, "Mean": 0.001, "Variance": 0.0, "Standard Deviation": 0.0}, "Base,Verbosity": {"Occurrences": 7.0, "Overall Time": 0.003, "Mean": 0.00042857142857142855, "Variance": 0.00024489795918367346, "Standard Deviation": 0.0004948716593053934}, "Base,FlushTO_val": {"Occurrences": 3.0, "Overall Time": 0.036, "Mean": 0.012, "Variance": 0.26466666666666666, "Standard Deviation": 0.016268579122549906}, "Base,FlushTO_val,Threads_val": {"Occurrences": 1.0, "Overall Time": 0.0, "Mean": 0.0, "Variance": 0.0, "Standard Deviation": 0.0}, "Base,Cores,FlushTO_val": {"Occurrences": 1.0, "Overall Time": 0.001, "Mean": 0.001, "Variance": 0.0, "Standard Deviation": 0.0}, "Base,Cores": {"Occurrences": 1.0, "Overall Time": 0.0, "Mean": 0.0, "Variance": 0.0, "Standard Deviation": 0.0}, "Base,ForceOverwrite,Stdout": {"Occurrences": 6.0, "Overall Time": 0.716, "Mean": 0.11933333333333333, "Variance": 37.12122222222223, "Standard Deviation": 0.1926686851105343}, "Base,ForceOverwrite,KeepIn,Stdout": {"Occurrences": 2.0, "Overall Time": 0.001, "Mean": 0.0005, "Variance": 0.00025, "Standard Deviation": 0.0005}, "Base,Threads_val": {"Occurrences": 86381.0, "Overall Time": 83.966, "Mean": 0.0009720424630416411, "Variance": 0.0702429178007692, "Standard Deviation": 0.008381104807885963}, "Base,KeepIn": {"Occurrences": 2.0, "Overall Time": 0.002, "Mean": 0.001, "Variance": 0.0, "Standard Deviation": 0.0}, "Overall time for all features": {"Time Taken": 60767.029999999984}, "Number of Repetitions": {"Repetitions": 30}}