{"Base": {"Occurrences": 4, "Overall Time": 2000.126, "Mean": 500.0315, "Variance": 750087502.55725, "Standard Deviation": 866.0759219359755}, "Base,FeatureA": {"Occurrences": 2, "Overall Time": 1000.101, "Mean": 500.0505, "Variance": 250050502.55025, "Standard Deviation": 500.0505}, "Base,FeatureB": {"Occurrences": 2, "Overall Time": 2000.097, "Mean": 1000.0485, "Variance": 1000093002.16225, "Standard Deviation": 1000.0465}, "Base,FeatureA,FeatureB": {"Occurrences": 1, "Overall Time": 2000.1, "Mean": 2000.1, "Variance": 0.0, "Standard Deviation": 0.0}, "Overall time for all features": {"Time Taken": 7000.423999999999}}