{"Base": {"Occurrences": 4, "Overall Time": 2000.125, "Mean": 500.03125, "Variance": 750081752.2411875, "Standard Deviation": 866.0726021767387}, "Base,FeatureA": {"Occurrences": 2, "Overall Time": 1000.088, "Mean": 500.044, "Variance": 250044001.936, "Standard Deviation": 500.044}, "Base,FeatureB": {"Occurrences": 2, "Overall Time": 2000.088, "Mean": 1000.044, "Variance": 1000088001.936, "Standard Deviation": 1000.044}, "Base,FeatureA,FeatureB": {"Occurrences": 1, "Overall Time": 2000.093, "Mean": 2000.093, "Variance": 0.0, "Standard Deviation": 0.0}, "Overall time for all features": {"Time Taken": 7000.393999999999}}