{"Base": {"Occurrences": 4, "Overall Time": 2000.125, "Mean": 500.03125, "Variance": 750086752.5111876, "Standard Deviation": 866.0754889218304}, "Base,FeatureA": {"Occurrences": 2, "Overall Time": 1000.099, "Mean": 500.0495, "Variance": 250049502.45025, "Standard Deviation": 500.0495}, "Base,FeatureB": {"Occurrences": 2, "Overall Time": 2000.106, "Mean": 1000.053, "Variance": 1000106002.809, "Standard Deviation": 1000.053}, "Base,FeatureA,FeatureB": {"Occurrences": 1, "Overall Time": 2000.115, "Mean": 2000.115, "Variance": 0.0, "Standard Deviation": 0.0}, "Overall time for all features": {"Time Taken": 7000.445}}