{"Base": {"Occurrences": 4, "Overall Time": 2000.136, "Mean": 500.034, "Variance": 750092002.8295, "Standard Deviation": 866.0785200139188}, "Base,FeatureA": {"Occurrences": 2, "Overall Time": 1000.096, "Mean": 500.048, "Variance": 250048002.304, "Standard Deviation": 500.048}, "Base,FeatureB": {"Occurrences": 2, "Overall Time": 2000.087, "Mean": 1000.0435, "Variance": 1000087001.89225, "Standard Deviation": 1000.0435}, "Base,FeatureA,FeatureB": {"Occurrences": 1, "Overall Time": 2000.114, "Mean": 2000.114, "Variance": 0.0, "Standard Deviation": 0.0}, "Overall time for all features": {"Time Taken": 7000.432999999999}}