{"Base": {"Occurrences": 4, "Overall Time": 2000.142, "Mean": 500.0355, "Variance": 750096503.11225, "Standard Deviation": 866.0811180901302}, "Base,FeatureA": {"Occurrences": 2, "Overall Time": 1000.086, "Mean": 500.043, "Variance": 250043001.849, "Standard Deviation": 500.043}, "Base,FeatureB": {"Occurrences": 2, "Overall Time": 2000.083, "Mean": 1000.0415, "Variance": 1000083001.72225, "Standard Deviation": 1000.0415}, "Base,FeatureA,FeatureB": {"Occurrences": 1, "Overall Time": 2000.116, "Mean": 2000.116, "Variance": 0.0, "Standard Deviation": 0.0}, "Overall time for all features": {"Time Taken": 7000.427}}