{"Base": {"Occurrences": 4, "Overall Time": 2000.135, "Mean": 500.03375, "Variance": 750094252.9691875, "Standard Deviation": 866.0798190520245}, "Base,FeatureA": {"Occurrences": 2, "Overall Time": 1000.087, "Mean": 500.0435, "Variance": 250042501.80625, "Standard Deviation": 500.0425}, "Base,FeatureB": {"Occurrences": 2, "Overall Time": 2000.101, "Mean": 1000.0505, "Variance": 1000099002.45025, "Standard Deviation": 1000.0495}, "Base,FeatureA,FeatureB": {"Occurrences": 1, "Overall Time": 2000.115, "Mean": 2000.115, "Variance": 0.0, "Standard Deviation": 0.0}, "Overall time for all features": {"Time Taken": 7000.438}}