{"Base": {"Occurrences": 4, "Overall Time": 2000.127, "Mean": 500.03175, "Variance": 750084252.3766875, "Standard Deviation": 866.074045550776}, "Base,FeatureA": {"Occurrences": 2, "Overall Time": 1000.081, "Mean": 500.0405, "Variance": 250039501.56025, "Standard Deviation": 500.0395}, "Base,FeatureB": {"Occurrences": 2, "Overall Time": 2000.109, "Mean": 1000.0545, "Variance": 1000107002.86225, "Standard Deviation": 1000.0535}, "Base,FeatureA,FeatureB": {"Occurrences": 1, "Overall Time": 2000.118, "Mean": 2000.118, "Variance": 0.0, "Standard Deviation": 0.0}, "Overall time for all features": {"Time Taken": 7000.4349999999995}}