{"Base": {"Occurrences": 4, "Overall Time": 2000.123, "Mean": 500.03075, "Variance": 750078252.0671875, "Standard Deviation": 866.0705814581094}, "Base,FeatureA": {"Occurrences": 2, "Overall Time": 1000.085, "Mean": 500.0425, "Variance": 250042501.80625, "Standard Deviation": 500.0425}, "Base,FeatureB": {"Occurrences": 2, "Overall Time": 2000.088, "Mean": 1000.044, "Variance": 1000084001.764, "Standard Deviation": 1000.042}, "Base,FeatureA,FeatureB": {"Occurrences": 1, "Overall Time": 2000.124, "Mean": 2000.124, "Variance": 0.0, "Standard Deviation": 0.0}, "Overall time for all features": {"Time Taken": 7000.42}}