{"Base": {"Occurrences": 4, "Overall Time": 2000.128, "Mean": 500.032, "Variance": 750088002.5855, "Standard Deviation": 866.0762106105328}, "Base,FeatureA": {"Occurrences": 2, "Overall Time": 1000.097, "Mean": 500.0485, "Variance": 250048502.35225, "Standard Deviation": 500.0485}, "Base,FeatureB": {"Occurrences": 2, "Overall Time": 2000.105, "Mean": 1000.0525, "Variance": 1000101002.55025, "Standard Deviation": 1000.0505}, "Base,FeatureA,FeatureB": {"Occurrences": 1, "Overall Time": 2000.116, "Mean": 2000.116, "Variance": 0.0, "Standard Deviation": 0.0}, "Overall time for all features": {"Time Taken": 7000.446}}