{"Base": {"Occurrences": 4, "Overall Time": 2000.129, "Mean": 500.03225, "Variance": 750089752.6901875, "Standard Deviation": 866.0772209740812}, "Base,FeatureA": {"Occurrences": 2, "Overall Time": 1000.097, "Mean": 500.0485, "Variance": 250048502.35225, "Standard Deviation": 500.0485}, "Base,FeatureB": {"Occurrences": 2, "Overall Time": 2000.106, "Mean": 1000.053, "Variance": 1000102002.601, "Standard Deviation": 1000.051}, "Base,FeatureA,FeatureB": {"Occurrences": 1, "Overall Time": 2000.108, "Mean": 2000.108, "Variance": 0.0, "Standard Deviation": 0.0}, "Overall time for all features": {"Time Taken": 7000.44}}