{"Base": {"Occurrences": 86404, "Overall Time": 50979.797, "Mean": 0.5900166311744827, "Variance": 759.3077993738833, "Standard Deviation": 0.8713826939834663}, "Base,Stdout": {"Occurrences": 14, "Overall Time": 0.013, "Mean": 0.0009285714285714286, "Variance": 0.0004948979591836734, "Standard Deviation": 0.000703489842985436}, "Base,Filter": {"Occurrences": 1, "Overall Time": 0.0, "Mean": 0.0, "Variance": 0.0, "Standard Deviation": 0.0}, "Base,Verbosity": {"Occurrences": 7, "Overall Time": 0.004, "Mean": 0.0005714285714285714, "Variance": 0.00024489795918367346, "Standard Deviation": 0.0004948716593053935}, "Base,FlushTO_val": {"Occurrences": 3, "Overall Time": 0.038, "Mean": 0.012666666666666666, "Variance": 0.2962222222222222, "Standard Deviation": 0.01721110752456745}, "Base,FlushTO_val,Threads_val": {"Occurrences": 1, "Overall Time": 0.001, "Mean": 0.001, "Variance": 0.0, "Standard Deviation": 0.0}, "Base,Cores,FlushTO_val": {"Occurrences": 1, "Overall Time": 0.001, "Mean": 0.001, "Variance": 0.0, "Standard Deviation": 0.0}, "Base,Cores": {"Occurrences": 1, "Overall Time": 0.0, "Mean": 0.0, "Variance": 0.0, "Standard Deviation": 0.0}, "Base,ForceOverwrite,Stdout": {"Occurrences": 6, "Overall Time": 0.701, "Mean": 0.11683333333333333, "Variance": 28.771138888888892, "Standard Deviation": 0.16962057330668615}, "Base,ForceOverwrite,KeepIn,Stdout": {"Occurrences": 2, "Overall Time": 0.001, "Mean": 0.0005, "Variance": 0.00025, "Standard Deviation": 0.0005}, "Base,Threads_val": {"Occurrences": 86381, "Overall Time": 80.148, "Mean": 0.0009278429284217594, "Variance": 0.0010503842855819317, "Standard Deviation": 0.0010248825716060994}, "Base,KeepIn": {"Occurrences": 2, "Overall Time": 0.002, "Mean": 0.001, "Variance": 0.0, "Standard Deviation": 0.0}, "Overall time for all features": {"Time Taken": 51060.70599999999}}