{"Base": {"Occurrences": 4, "Overall Time": 2000.147, "Mean": 500.03675, "Variance": 750101253.4231875, "Standard Deviation": 866.0838605026579}, "Base,FeatureA": {"Occurrences": 2, "Overall Time": 1000.095, "Mean": 500.0475, "Variance": 250047502.25625, "Standard Deviation": 500.0475}, "Base,FeatureB": {"Occurrences": 2, "Overall Time": 2000.087, "Mean": 1000.0435, "Variance": 1000087001.89225, "Standard Deviation": 1000.0435}, "Base,FeatureA,FeatureB": {"Occurrences": 1, "Overall Time": 2000.092, "Mean": 2000.092, "Variance": 0.0, "Standard Deviation": 0.0}, "Overall time for all features": {"Time Taken": 7000.421}}