{"Base": {"Occurrences": 4, "Overall Time": 2000.122, "Mean": 500.0305, "Variance": 750085502.44025, "Standard Deviation": 866.074767234475}, "Base,FeatureA": {"Occurrences": 2, "Overall Time": 1000.102, "Mean": 500.051, "Variance": 250051002.601, "Standard Deviation": 500.051}, "Base,FeatureB": {"Occurrences": 2, "Overall Time": 2000.099, "Mean": 1000.0495, "Variance": 1000099002.45025, "Standard Deviation": 1000.0495}, "Base,FeatureA,FeatureB": {"Occurrences": 1, "Overall Time": 2000.107, "Mean": 2000.107, "Variance": 0.0, "Standard Deviation": 0.0}, "Overall time for all features": {"Time Taken": 7000.43}}