{"Base": {"Occurrences": 4, "Overall Time": 2000.123, "Mean": 500.03075, "Variance": 750086252.4831876, "Standard Deviation": 866.0752002471768}, "Base,FeatureA": {"Occurrences": 2, "Overall Time": 1000.101, "Mean": 500.0505, "Variance": 250049502.45025, "Standard Deviation": 500.0495}, "Base,FeatureB": {"Occurrences": 2, "Overall Time": 2000.101, "Mean": 1000.0505, "Variance": 1000097002.35225, "Standard Deviation": 1000.0485}, "Base,FeatureA,FeatureB": {"Occurrences": 1, "Overall Time": 2000.103, "Mean": 2000.103, "Variance": 0.0, "Standard Deviation": 0.0}, "Overall time for all features": {"Time Taken": 7000.428000000001}}