{"Base": {"Occurrences": 4, "Overall Time": 2000.127, "Mean": 500.03175, "Variance": 750086252.4891875, "Standard Deviation": 866.0752002506407}, "Base,FeatureA": {"Occurrences": 2, "Overall Time": 1000.094, "Mean": 500.047, "Variance": 250047002.209, "Standard Deviation": 500.047}, "Base,FeatureB": {"Occurrences": 2, "Overall Time": 2000.109, "Mean": 1000.0545, "Variance": 1000107002.86225, "Standard Deviation": 1000.0535}, "Base,FeatureA,FeatureB": {"Occurrences": 1, "Overall Time": 2000.115, "Mean": 2000.115, "Variance": 0.0, "Standard Deviation": 0.0}, "Overall time for all features": {"Time Taken": 7000.445}}