{"Base": {"Occurrences": 4, "Overall Time": 2000.132, "Mean": 500.033, "Variance": 750092002.8295, "Standard Deviation": 866.0785200139188}, "Base,FeatureA": {"Occurrences": 2, "Overall Time": 1000.105, "Mean": 500.0525, "Variance": 250052502.75625, "Standard Deviation": 500.0525}, "Base,FeatureB": {"Occurrences": 2, "Overall Time": 2000.117, "Mean": 1000.0585, "Variance": 1000113003.19225, "Standard Deviation": 1000.0565}, "Base,FeatureA,FeatureB": {"Occurrences": 1, "Overall Time": 2000.117, "Mean": 2000.117, "Variance": 0.0, "Standard Deviation": 0.0}, "Overall time for all features": {"Time Taken": 7000.4710000000005}}