{"Base": {"Occurrences": 2, "Overall Time": 2000.105, "Mean": 1000.0525, "Variance": 1000105002.75625, "Standard Deviation": 1000.0525}, "Base,FeatureD": {"Occurrences": 1, "Overall Time": 2000.099, "Mean": 2000.099, "Variance": 0.0, "Standard Deviation": 0.0}, "Overall time for all features": {"Time Taken": 4000.2039999999997}}