{"Base": {"Occurrences": 86404, "Overall Time": 117881.699, "Mean": 1.3643083537799174, "Variance": 4382.219432937482, "Standard Deviation": 2.0933751295306537}, "Base,Stdout": {"Occurrences": 14, "Overall Time": 0.013, "Mean": 0.0009285714285714286, "Variance": 0.0006377551020408162, "Standard Deviation": 0.0007985957062499248}, "Base,Filter": {"Occurrences": 1, "Overall Time": 0.0, "Mean": 0.0, "Variance": 0.0, "Standard Deviation": 0.0}, "Base,Verbosity": {"Occurrences": 7, "Overall Time": 0.002, "Mean": 0.0002857142857142857, "Variance": 0.00020408163265306123, "Standard Deviation": 0.00045175395145262567}, "Base,FlushTO_val": {"Occurrences": 3, "Overall Time": 0.034, "Mean": 0.011333333333333334, "Variance": 0.25688888888888883, "Standard Deviation": 0.016027753706895076}, "Base,FlushTO_val,Threads_val": {"Occurrences": 1, "Overall Time": 0.001, "Mean": 0.001, "Variance": 0.0, "Standard Deviation": 0.0}, "Base,Cores,FlushTO_val": {"Occurrences": 1, "Overall Time": 0.001, "Mean": 0.001, "Variance": 0.0, "Standard Deviation": 0.0}, "Base,Cores": {"Occurrences": 1, "Overall Time": 0.0, "Mean": 0.0, "Variance": 0.0, "Standard Deviation": 0.0}, "Base,ForceOverwrite,Stdout": {"Occurrences": 6, "Overall Time": 0.569, "Mean": 0.09483333333333333, "Variance": 20.64980555555556, "Standard Deviation": 0.14370040207165588}, "Base,ForceOverwrite,KeepIn,Stdout": {"Occurrences": 2, "Overall Time": 0.0, "Mean": 0.0, "Variance": 0.0, "Standard Deviation": 0.0}, "Base,Threads_val": {"Occurrences": 86381, "Overall Time": 124.654, "Mean": 0.0014430719718456606, "Variance": 14.610712394003563, "Standard Deviation": 0.12087477980953497}, "Base,KeepIn": {"Occurrences": 2, "Overall Time": 0.0, "Mean": 0.0, "Variance": 0.0, "Standard Deviation": 0.0}, "Overall time for all features": {"Time Taken": 118006.973}}