{"Base": {"Occurrences": 86404, "Overall Time": 110983.583, "Mean": 1.2844727443173927, "Variance": 123523916.73299083, "Standard Deviation": 351.4596943221097}, "Base,Stdout": {"Occurrences": 14, "Overall Time": 0.01, "Mean": 0.0007142857142857143, "Variance": 0.00034693877551020415, "Standard Deviation": 0.0005890150893739515}, "Base,Filter": {"Occurrences": 1, "Overall Time": 0.001, "Mean": 0.001, "Variance": 0.0, "Standard Deviation": 0.0}, "Base,Verbosity": {"Occurrences": 7, "Overall Time": 0.002, "Mean": 0.0002857142857142857, "Variance": 0.0002040816326530612, "Standard Deviation": 0.0004517539514526256}, "Base,FlushTO_val": {"Occurrences": 4, "Overall Time": 0.006, "Mean": 0.0015, "Variance": 0.00425, "Standard Deviation": 0.00206155281280883}, "Base,FlushTO_val,Threads_val": {"Occurrences": 5, "Overall Time": 0.032, "Mean": 0.0064, "Variance": 0.13944, "Standard Deviation": 0.011808471535300409}, "Base,Cores,FlushTO_val,Threads_val": {"Occurrences": 3, "Overall Time": 0.0, "Mean": 0.0, "Variance": 0.0, "Standard Deviation": 0.0}, "Base,Cores,FlushTO_val": {"Occurrences": 1, "Overall Time": 0.001, "Mean": 0.001, "Variance": 0.0, "Standard Deviation": 0.0}, "Base,Cores": {"Occurrences": 1, "Overall Time": 0.0, "Mean": 0.0, "Variance": 0.0, "Standard Deviation": 0.0}, "Base,ForceOverwrite,Stdout": {"Occurrences": 6, "Overall Time": 0.677, "Mean": 0.11283333333333333, "Variance": 25.454472222222222, "Standard Deviation": 0.15954457753938936}, "Base,ForceOverwrite,KeepIn,Stdout": {"Occurrences": 2, "Overall Time": 0.001, "Mean": 0.0005, "Variance": 0.00025, "Standard Deviation": 0.0005}, "Base,Threads_val": {"Occurrences": 86381, "Overall Time": 71.704, "Mean": 0.0008300899503363009, "Variance": 0.0006736345978986802, "Standard Deviation": 0.0008207524583567692}, "Base,KeepIn": {"Occurrences": 2, "Overall Time": 0.001, "Mean": 0.0005, "Variance": 0.00025, "Standard Deviation": 0.0005}, "Overall time for all features": {"Time Taken": 111056.018}}