{"Base": {"Occurrences": 86404, "Overall Time": 12226.721, "Mean": 0.14150642331373547, "Variance": 359373.4880165899, "Standard Deviation": 18.957148731193463}, "Base,Stdout": {"Occurrences": 14, "Overall Time": 0.009, "Mean": 0.0006428571428571429, "Variance": 0.0002295918367346939, "Standard Deviation": 0.00047915742374995496}, "Base,Filter": {"Occurrences": 1, "Overall Time": 0.001, "Mean": 0.001, "Variance": 0.0, "Standard Deviation": 0.0}, "Base,Verbosity": {"Occurrences": 7, "Overall Time": 0.001, "Mean": 0.00014285714285714284, "Variance": 0.00012244897959183676, "Standard Deviation": 0.0003499271061118826}, "Base,FlushTO_val": {"Occurrences": 4, "Overall Time": 0.006, "Mean": 0.0015, "Variance": 0.00425, "Standard Deviation": 0.00206155281280883}, "Base,FlushTO_val,Threads_val": {"Occurrences": 5, "Overall Time": 0.033, "Mean": 0.0066, "Variance": 0.14903999999999995, "Standard Deviation": 0.012208193969625481}, "Base,Cores,FlushTO_val,Threads_val": {"Occurrences": 3, "Overall Time": 0.0, "Mean": 0.0, "Variance": 0.0, "Standard Deviation": 0.0}, "Base,Cores,FlushTO_val": {"Occurrences": 1, "Overall Time": 0.0, "Mean": 0.0, "Variance": 0.0, "Standard Deviation": 0.0}, "Base,Cores": {"Occurrences": 1, "Overall Time": 0.001, "Mean": 0.001, "Variance": 0.0, "Standard Deviation": 0.0}, "Base,ForceOverwrite,Stdout": {"Occurrences": 6, "Overall Time": 0.653, "Mean": 0.10883333333333332, "Variance": 23.892472222222224, "Standard Deviation": 0.15457189984671282}, "Base,ForceOverwrite,KeepIn,Stdout": {"Occurrences": 2, "Overall Time": 0.001, "Mean": 0.0005, "Variance": 0.00025, "Standard Deviation": 0.0005}, "Base,Threads_val": {"Occurrences": 86381, "Overall Time": 72.165, "Mean": 0.0008354267720910849, "Variance": 0.0013756083744347351, "Standard Deviation": 0.0011728633229983515}, "Base,KeepIn": {"Occurrences": 2, "Overall Time": 0.0, "Mean": 0.0, "Variance": 0.0, "Standard Deviation": 0.0}, "Overall time for all features": {"Time Taken": 12299.591}}