{"Base": {"Occurrences": 5, "Overall Time": 2000.13, "Mean": 400.026, "Variance": 640075202.2144, "Standard Deviation": 800.0470000033748}, "Base,FeatureA": {"Occurrences": 2, "Overall Time": 1000.096, "Mean": 500.048, "Variance": 250048002.304, "Standard Deviation": 500.048}, "Base,FeatureC": {"Occurrences": 2, "Overall Time": 1000.081, "Mean": 500.0405, "Variance": 250040501.64025, "Standard Deviation": 500.0405}, "Overall time for all features": {"Time Taken": 4000.3070000000002}}