{"Base": {"Occurrences": 5, "Overall Time": 2000.129, "Mean": 400.0258, "Variance": 640074562.17976, "Standard Deviation": 800.0466000051247}, "Base,FeatureA": {"Occurrences": 2, "Overall Time": 1000.093, "Mean": 500.0465, "Variance": 250045502.07025, "Standard Deviation": 500.0455}, "Base,FeatureC": {"Occurrences": 2, "Overall Time": 1000.084, "Mean": 500.042, "Variance": 250042001.764, "Standard Deviation": 500.042}, "Overall time for all features": {"Time Taken": 4000.3059999999996}}