{"Base": {"Occurrences": 5, "Overall Time": 2000.129, "Mean": 400.0258, "Variance": 640076962.32096, "Standard Deviation": 800.0481000045935}, "Base,FeatureA": {"Occurrences": 2, "Overall Time": 1000.104, "Mean": 500.052, "Variance": 250051002.601, "Standard Deviation": 500.051}, "Base,FeatureC": {"Occurrences": 2, "Overall Time": 1000.092, "Mean": 500.046, "Variance": 250045002.025, "Standard Deviation": 500.045}, "Overall time for all features": {"Time Taken": 4000.3250000000003}}