{"Base": {"Occurrences": 5, "Overall Time": 2000.125, "Mean": 400.025, "Variance": 640073602.1228, "Standard Deviation": 800.0460000042498}, "Base,FeatureA": {"Occurrences": 2, "Overall Time": 1000.088, "Mean": 500.044, "Variance": 250044001.936, "Standard Deviation": 500.044}, "Base,FeatureC": {"Occurrences": 2, "Overall Time": 1000.089, "Mean": 500.0445, "Variance": 250043501.89225, "Standard Deviation": 500.0435}, "Overall time for all features": {"Time Taken": 4000.3019999999997}}