{"Base": {"Occurrences": 5, "Overall Time": 2000.133, "Mean": 400.0266, "Variance": 640077122.3318399, "Standard Deviation": 800.0482000053746}, "Base,FeatureA": {"Occurrences": 2, "Overall Time": 1000.099, "Mean": 500.0495, "Variance": 250048502.35225, "Standard Deviation": 500.0485}, "Base,FeatureC": {"Occurrences": 2, "Overall Time": 1000.088, "Mean": 500.044, "Variance": 250044001.936, "Standard Deviation": 500.044}, "Overall time for all features": {"Time Taken": 4000.3199999999997}}