{"Base": {"Occurrences": 5, "Overall Time": 2000.127, "Mean": 400.02540000000005, "Variance": 640074882.1970402, "Standard Deviation": 800.0468000042499}, "Base,FeatureA": {"Occurrences": 2, "Overall Time": 1000.095, "Mean": 500.0475, "Variance": 250046502.16225, "Standard Deviation": 500.0465}, "Base,FeatureC": {"Occurrences": 2, "Overall Time": 1000.088, "Mean": 500.044, "Variance": 250043001.849, "Standard Deviation": 500.043}, "Overall time for all features": {"Time Taken": 4000.3099999999995}}