{"Base": {"Occurrences": 5, "Overall Time": 2000.125, "Mean": 400.025, "Variance": 640073602.1204001, "Standard Deviation": 800.0460000027498}, "Base,FeatureA": {"Occurrences": 2, "Overall Time": 1000.088, "Mean": 500.044, "Variance": 250043001.849, "Standard Deviation": 500.043}, "Base,FeatureC": {"Occurrences": 2, "Overall Time": 1000.074, "Mean": 500.037, "Variance": 250037001.369, "Standard Deviation": 500.037}, "Overall time for all features": {"Time Taken": 4000.287}}