{"Base": {"Occurrences": 86404, "Overall Time": 5868.207, "Mean": 0.06791591824452571, "Variance": 5164.06238915034, "Standard Deviation": 2.2724573459474087}, "Base,Stdout": {"Occurrences": 14, "Overall Time": 0.011, "Mean": 0.0007857142857142857, "Variance": 0.00016836734693877556, "Standard Deviation": 0.000410325903324145}, "Base,Filter": {"Occurrences": 1, "Overall Time": 0.001, "Mean": 0.001, "Variance": 0.0, "Standard Deviation": 0.0}, "Base,Verbosity": {"Occurrences": 7, "Overall Time": 0.004, "Mean": 0.0005714285714285714, "Variance": 0.00024489795918367346, "Standard Deviation": 0.0004948716593053935}, "Base,FlushTO_val": {"Occurrences": 4, "Overall Time": 0.009, "Mean": 0.00225, "Variance": 0.0111875, "Standard Deviation": 0.003344772040064913}, "Base,FlushTO_val,Threads_val": {"Occurrences": 5, "Overall Time": 0.032, "Mean": 0.0064, "Variance": 0.13944, "Standard Deviation": 0.011808471535300409}, "Base,Cores,FlushTO_val,Threads_val": {"Occurrences": 3, "Overall Time": 0.0, "Mean": 0.0, "Variance": 0.0, "Standard Deviation": 0.0}, "Base,Cores,FlushTO_val": {"Occurrences": 1, "Overall Time": 0.0, "Mean": 0.0, "Variance": 0.0, "Standard Deviation": 0.0}, "Base,Cores": {"Occurrences": 1, "Overall Time": 0.001, "Mean": 0.001, "Variance": 0.0, "Standard Deviation": 0.0}, "Base,ForceOverwrite,Stdout": {"Occurrences": 6, "Overall Time": 0.753, "Mean": 0.1255, "Variance": 31.27425, "Standard Deviation": 0.1768452713532369}, "Base,ForceOverwrite,KeepIn,Stdout": {"Occurrences": 2, "Overall Time": 0.0, "Mean": 0.0, "Variance": 0.0, "Standard Deviation": 0.0}, "Base,Threads_val": {"Occurrences": 86381, "Overall Time": 88.07, "Mean": 0.0010195529109410634, "Variance": 0.0007250897203484625, "Standard Deviation": 0.0008515220022691501}, "Base,KeepIn": {"Occurrences": 2, "Overall Time": 0.001, "Mean": 0.0005, "Variance": 0.00025, "Standard Deviation": 0.0005}, "Overall time for all features": {"Time Taken": 5957.089000000001}}