{"Base": {"Occurrences": 86404, "Overall Time": 5868.5, "Mean": 0.06791930929123652, "Variance": 4563.745775304666, "Standard Deviation": 2.1362925303676614}, "Base,Stdout": {"Occurrences": 14, "Overall Time": 0.009, "Mean": 0.0006428571428571429, "Variance": 0.00022959183673469387, "Standard Deviation": 0.0004791574237499549}, "Base,Filter": {"Occurrences": 1, "Overall Time": 0.0, "Mean": 0.0, "Variance": 0.0, "Standard Deviation": 0.0}, "Base,Verbosity": {"Occurrences": 7, "Overall Time": 0.004, "Mean": 0.0005714285714285714, "Variance": 0.00024489795918367346, "Standard Deviation": 0.0004948716593053935}, "Base,FlushTO_val": {"Occurrences": 4, "Overall Time": 0.005, "Mean": 0.00125, "Variance": 0.0046875, "Standard Deviation": 0.0021650635094610966}, "Base,FlushTO_val,Threads_val": {"Occurrences": 5, "Overall Time": 0.03, "Mean": 0.006, "Variance": 0.1212, "Standard Deviation": 0.011009087155618309}, "Base,Cores,FlushTO_val,Threads_val": {"Occurrences": 3, "Overall Time": 0.001, "Mean": 0.0003333333333333333, "Variance": 0.00022222222222222223, "Standard Deviation": 0.0004714045207910317}, "Base,Cores,FlushTO_val": {"Occurrences": 1, "Overall Time": 0.001, "Mean": 0.001, "Variance": 0.0, "Standard Deviation": 0.0}, "Base,Cores": {"Occurrences": 1, "Overall Time": 0.0, "Mean": 0.0, "Variance": 0.0, "Standard Deviation": 0.0}, "Base,ForceOverwrite,Stdout": {"Occurrences": 6, "Overall Time": 0.56, "Mean": 0.09333333333333332, "Variance": 17.683555555555557, "Standard Deviation": 0.13297953058856674}, "Base,ForceOverwrite,KeepIn,Stdout": {"Occurrences": 2, "Overall Time": 0.002, "Mean": 0.001, "Variance": 0.0, "Standard Deviation": 0.0}, "Base,Threads_val": {"Occurrences": 86381, "Overall Time": 80.567, "Mean": 0.0009326935321424851, "Variance": 0.0007299137564496405, "Standard Deviation": 0.0008543499028206419}, "Base,KeepIn": {"Occurrences": 2, "Overall Time": 0.002, "Mean": 0.001, "Variance": 0.0, "Standard Deviation": 0.0}, "Overall time for all features": {"Time Taken": 5949.681000000001}}