{"Base": {"Occurrences": 86404, "Overall Time": 16147.397, "Mean": 0.18688251701310124, "Variance": 1527509.9539487115, "Standard Deviation": 39.083371834435056}, "Base,Stdout": {"Occurrences": 14, "Overall Time": 0.008, "Mean": 0.0005714285714285714, "Variance": 0.00024489795918367346, "Standard Deviation": 0.0004948716593053935}, "Base,Filter": {"Occurrences": 1, "Overall Time": 0.001, "Mean": 0.001, "Variance": 0.0, "Standard Deviation": 0.0}, "Base,Verbosity": {"Occurrences": 7, "Overall Time": 0.003, "Mean": 0.00042857142857142855, "Variance": 0.00024489795918367346, "Standard Deviation": 0.0004948716593053934}, "Base,FlushTO_val": {"Occurrences": 4, "Overall Time": 0.01, "Mean": 0.0025, "Variance": 0.01425, "Standard Deviation": 0.003774917217635375}, "Base,FlushTO_val,Threads_val": {"Occurrences": 5, "Overall Time": 0.036, "Mean": 0.0072, "Variance": 0.17976, "Standard Deviation": 0.013407460609675494}, "Base,Cores,FlushTO_val,Threads_val": {"Occurrences": 3, "Overall Time": 0.0, "Mean": 0.0, "Variance": 0.0, "Standard Deviation": 0.0}, "Base,Cores,FlushTO_val": {"Occurrences": 1, "Overall Time": 0.001, "Mean": 0.001, "Variance": 0.0, "Standard Deviation": 0.0}, "Base,Cores": {"Occurrences": 1, "Overall Time": 0.0, "Mean": 0.0, "Variance": 0.0, "Standard Deviation": 0.0}, "Base,ForceOverwrite,Stdout": {"Occurrences": 6, "Overall Time": 0.49, "Mean": 0.08166666666666667, "Variance": 13.47622222222222, "Standard Deviation": 0.11608713202686256}, "Base,ForceOverwrite,KeepIn,Stdout": {"Occurrences": 2, "Overall Time": 0.0, "Mean": 0.0, "Variance": 0.0, "Standard Deviation": 0.0}, "Base,Threads_val": {"Occurrences": 86381, "Overall Time": 69.727, "Mean": 0.0008072029728759797, "Variance": 0.0006005852943387617, "Standard Deviation": 0.0007749743830209884}, "Base,KeepIn": {"Occurrences": 2, "Overall Time": 0.001, "Mean": 0.0005, "Variance": 0.00025, "Standard Deviation": 0.0005}, "Overall time for all features": {"Time Taken": 16217.674000000003}}