{"Base": {"Occurrences": 5, "Overall Time": 2000.129, "Mean": 400.0258, "Variance": 640073762.1325599, "Standard Deviation": 800.0461000045935}, "Base,FeatureA": {"Occurrences": 1, "Overall Time": 2000.092, "Mean": 2000.092, "Variance": 0.0, "Standard Deviation": 0.0}, "Base,FeatureC": {"Occurrences": 2, "Overall Time": 1000.087, "Mean": 500.0435, "Variance": 250042501.80625, "Standard Deviation": 500.0425}, "Base,FeatureD": {"Occurrences": 2, "Overall Time": 2000.109, "Mean": 1000.0545, "Variance": 1000107002.86225, "Standard Deviation": 1000.0535}, "Base,FeatureC,FeatureD": {"Occurrences": 1, "Overall Time": 0.026, "Mean": 0.026, "Variance": 0.0, "Standard Deviation": 0.0}, "Overall time for all features": {"Time Taken": 7000.442999999999}}