{"Base": {"Occurrences": 7, "Overall Time": 2000.122, "Mean": 285.73171428571425, "Variance": 489849389.21620417, "Standard Deviation": 699.8924126008255}, "Base,FeatureA": {"Occurrences": 2, "Overall Time": 1000.123, "Mean": 500.0615, "Variance": 250061503.78225, "Standard Deviation": 500.0615}, "Base,FeatureB": {"Occurrences": 2, "Overall Time": 2000.123, "Mean": 1000.0615, "Variance": 1000121003.66025, "Standard Deviation": 1000.0605}, "Base,FeatureC": {"Occurrences": 2, "Overall Time": 1000.109, "Mean": 500.0545, "Variance": 250054502.97025, "Standard Deviation": 500.0545}, "Base,FeatureD": {"Occurrences": 2, "Overall Time": 2000.124, "Mean": 1000.062, "Variance": 1000124003.844, "Standard Deviation": 1000.062}, "Base,FeatureA,FeatureB": {"Occurrences": 1, "Overall Time": 2000.114, "Mean": 2000.114, "Variance": 0.0, "Standard Deviation": 0.0}, "Base,FeatureC,FeatureD": {"Occurrences": 1, "Overall Time": 0.03, "Mean": 0.03, "Variance": 0.0, "Standard Deviation": 0.0}, "Overall time for all features": {"Time Taken": 10000.745}}