{"Base": {"Occurrences": 7, "Overall Time": 2000.121, "Mean": 285.73157142857144, "Variance": 489850042.3139593, "Standard Deviation": 699.8928791707766}, "Base,FeatureA": {"Occurrences": 2, "Overall Time": 1000.115, "Mean": 500.0575, "Variance": 250056503.19225, "Standard Deviation": 500.0565}, "Base,FeatureB": {"Occurrences": 2, "Overall Time": 2000.113, "Mean": 1000.0565, "Variance": 1000109002.97025, "Standard Deviation": 1000.0545}, "Base,FeatureC": {"Occurrences": 2, "Overall Time": 1000.117, "Mean": 500.0585, "Variance": 250058503.42225, "Standard Deviation": 500.0585}, "Base,FeatureD": {"Occurrences": 2, "Overall Time": 2000.134, "Mean": 1000.067, "Variance": 1000132004.356, "Standard Deviation": 1000.066}, "Base,FeatureA,FeatureB": {"Occurrences": 1, "Overall Time": 2000.132, "Mean": 2000.132, "Variance": 0.0, "Standard Deviation": 0.0}, "Base,FeatureC,FeatureD": {"Occurrences": 1, "Overall Time": 0.033, "Mean": 0.033, "Variance": 0.0, "Standard Deviation": 0.0}, "Overall time for all features": {"Time Taken": 10000.765}}