{"Base": {"Occurrences": 7, "Overall Time": 2000.108, "Mean": 285.72971428571424, "Variance": 489844246.0916326, "Standard Deviation": 699.8887383660582}, "Base,FeatureA": {"Occurrences": 2, "Overall Time": 1000.099, "Mean": 500.0495, "Variance": 250049502.45025, "Standard Deviation": 500.0495}, "Base,FeatureB": {"Occurrences": 2, "Overall Time": 2000.125, "Mean": 1000.0625, "Variance": 1000121003.66025, "Standard Deviation": 1000.0605}, "Base,FeatureC": {"Occurrences": 2, "Overall Time": 1000.137, "Mean": 500.0685, "Variance": 250067504.55625, "Standard Deviation": 500.0675}, "Base,FeatureD": {"Occurrences": 2, "Overall Time": 2000.142, "Mean": 1000.071, "Variance": 1000140004.9, "Standard Deviation": 1000.07}, "Base,FeatureA,FeatureB": {"Occurrences": 1, "Overall Time": 2000.126, "Mean": 2000.126, "Variance": 0.0, "Standard Deviation": 0.0}, "Base,FeatureC,FeatureD": {"Occurrences": 1, "Overall Time": 0.022, "Mean": 0.022, "Variance": 0.0, "Standard Deviation": 0.0}, "Overall time for all features": {"Time Taken": 10000.759}}