{"Base": {"Occurrences": 7, "Overall Time": 2000.147, "Mean": 285.73528571428574, "Variance": 489859920.4636327, "Standard Deviation": 699.8999360363114}, "Base,FeatureA": {"Occurrences": 2, "Overall Time": 1000.09, "Mean": 500.045, "Variance": 250045002.025, "Standard Deviation": 500.045}, "Base,FeatureB": {"Occurrences": 2, "Overall Time": 2000.078, "Mean": 1000.039, "Variance": 1000076001.444, "Standard Deviation": 1000.038}, "Base,FeatureC": {"Occurrences": 2, "Overall Time": 1000.105, "Mean": 500.0525, "Variance": 250052502.75625, "Standard Deviation": 500.0525}, "Base,FeatureD": {"Occurrences": 2, "Overall Time": 2000.099, "Mean": 1000.0495, "Variance": 1000099002.45025, "Standard Deviation": 1000.0495}, "Base,FeatureA,FeatureB": {"Occurrences": 1, "Overall Time": 2000.086, "Mean": 2000.086, "Variance": 0.0, "Standard Deviation": 0.0}, "Base,FeatureC,FeatureD": {"Occurrences": 1, "Overall Time": 0.01, "Mean": 0.01, "Variance": 0.0, "Standard Deviation": 0.0}, "Overall time for all features": {"Time Taken": 10000.615}}