{"Base": {"Occurrences": 7, "Overall Time": 2000.154, "Mean": 285.7362857142857, "Variance": 489865635.13706136, "Standard Deviation": 699.9040185175832}, "Base,FeatureA": {"Occurrences": 2, "Overall Time": 1000.103, "Mean": 500.0515, "Variance": 250050502.55025, "Standard Deviation": 500.0505}, "Base,FeatureB": {"Occurrences": 2, "Overall Time": 2000.123, "Mean": 1000.0615, "Variance": 1000119003.54025, "Standard Deviation": 1000.0595}, "Base,FeatureC": {"Occurrences": 2, "Overall Time": 1000.109, "Mean": 500.0545, "Variance": 250054502.97025, "Standard Deviation": 500.0545}, "Base,FeatureD": {"Occurrences": 2, "Overall Time": 2000.115, "Mean": 1000.0575, "Variance": 1000113003.19225, "Standard Deviation": 1000.0565}, "Base,FeatureA,FeatureB": {"Occurrences": 1, "Overall Time": 2000.152, "Mean": 2000.152, "Variance": 0.0, "Standard Deviation": 0.0}, "Base,FeatureC,FeatureD": {"Occurrences": 1, "Overall Time": 0.032, "Mean": 0.032, "Variance": 0.0, "Standard Deviation": 0.0}, "Overall time for all features": {"Time Taken": 10000.788}}