{"Base": {"Occurrences": 7, "Overall Time": 2000.126, "Mean": 285.73228571428575, "Variance": 489851348.51591843, "Standard Deviation": 699.8938123143528}, "Base,FeatureA": {"Occurrences": 2, "Overall Time": 1000.1, "Mean": 500.05, "Variance": 250049002.401, "Standard Deviation": 500.049}, "Base,FeatureB": {"Occurrences": 2, "Overall Time": 2000.115, "Mean": 1000.0575, "Variance": 1000111003.08025, "Standard Deviation": 1000.0555}, "Base,FeatureC": {"Occurrences": 2, "Overall Time": 1000.123, "Mean": 500.0615, "Variance": 250060503.66025, "Standard Deviation": 500.0605}, "Base,FeatureD": {"Occurrences": 2, "Overall Time": 2000.083, "Mean": 1000.0415, "Variance": 1000083001.72225, "Standard Deviation": 1000.0415}, "Base,FeatureA,FeatureB": {"Occurrences": 1, "Overall Time": 2000.096, "Mean": 2000.096, "Variance": 0.0, "Standard Deviation": 0.0}, "Base,FeatureC,FeatureD": {"Occurrences": 1, "Overall Time": 0.031, "Mean": 0.031, "Variance": 0.0, "Standard Deviation": 0.0}, "Overall time for all features": {"Time Taken": 10000.674}}