{"Base": {"Occurrences": 7, "Overall Time": 2000.132, "Mean": 285.73314285714287, "Variance": 489856573.3089798, "Standard Deviation": 699.8975448656608}, "Base,FeatureA": {"Occurrences": 2, "Overall Time": 1000.132, "Mean": 500.066, "Variance": 250065004.225, "Standard Deviation": 500.065}, "Base,FeatureB": {"Occurrences": 2, "Overall Time": 2000.094, "Mean": 1000.047, "Variance": 1000090002.025, "Standard Deviation": 1000.045}, "Base,FeatureC": {"Occurrences": 2, "Overall Time": 1000.1, "Mean": 500.05, "Variance": 250050002.5, "Standard Deviation": 500.05}, "Base,FeatureD": {"Occurrences": 2, "Overall Time": 2000.093, "Mean": 1000.0465, "Variance": 1000093002.16225, "Standard Deviation": 1000.0465}, "Base,FeatureA,FeatureB": {"Occurrences": 1, "Overall Time": 2000.108, "Mean": 2000.108, "Variance": 0.0, "Standard Deviation": 0.0}, "Base,FeatureC,FeatureD": {"Occurrences": 1, "Overall Time": 0.05, "Mean": 0.05, "Variance": 0.0, "Standard Deviation": 0.0}, "Overall time for all features": {"Time Taken": 10000.708999999999}}