{"Base": {"Occurrences": 7, "Overall Time": 2000.111, "Mean": 285.7301428571428, "Variance": 489845144.0975509, "Standard Deviation": 699.8893799005317}, "Base,FeatureA": {"Occurrences": 2, "Overall Time": 1000.099, "Mean": 500.0495, "Variance": 250048502.35225, "Standard Deviation": 500.0485}, "Base,FeatureB": {"Occurrences": 2, "Overall Time": 2000.129, "Mean": 1000.0645, "Variance": 1000125003.90625, "Standard Deviation": 1000.0625}, "Base,FeatureC": {"Occurrences": 2, "Overall Time": 1000.119, "Mean": 500.0595, "Variance": 250058503.42225, "Standard Deviation": 500.0585}, "Base,FeatureD": {"Occurrences": 2, "Overall Time": 2000.108, "Mean": 1000.054, "Variance": 1000108002.916, "Standard Deviation": 1000.054}, "Base,FeatureA,FeatureB": {"Occurrences": 1, "Overall Time": 2000.1, "Mean": 2000.1, "Variance": 0.0, "Standard Deviation": 0.0}, "Base,FeatureC,FeatureD": {"Occurrences": 1, "Overall Time": 0.013, "Mean": 0.013, "Variance": 0.0, "Standard Deviation": 0.0}, "Overall time for all features": {"Time Taken": 10000.679}}