{"Base": {"Occurrences": 7, "Overall Time": 2000.127, "Mean": 285.73242857142856, "Variance": 489851266.8782448, "Standard Deviation": 699.8937539928792}, "Base,FeatureA": {"Occurrences": 2, "Overall Time": 1000.104, "Mean": 500.052, "Variance": 250051002.601, "Standard Deviation": 500.051}, "Base,FeatureB": {"Occurrences": 2, "Overall Time": 2000.108, "Mean": 1000.054, "Variance": 1000108002.916, "Standard Deviation": 1000.054}, "Base,FeatureC": {"Occurrences": 2, "Overall Time": 1000.105, "Mean": 500.0525, "Variance": 250052502.75625, "Standard Deviation": 500.0525}, "Base,FeatureD": {"Occurrences": 2, "Overall Time": 2000.118, "Mean": 1000.059, "Variance": 1000116003.364, "Standard Deviation": 1000.058}, "Base,FeatureA,FeatureB": {"Occurrences": 1, "Overall Time": 2000.099, "Mean": 2000.099, "Variance": 0.0, "Standard Deviation": 0.0}, "Base,FeatureC,FeatureD": {"Occurrences": 1, "Overall Time": 0.023, "Mean": 0.023, "Variance": 0.0, "Standard Deviation": 0.0}, "Overall time for all features": {"Time Taken": 10000.684}}