{"Base": {"Occurrences": 7, "Overall Time": 2000.116, "Mean": 285.73085714285713, "Variance": 489846450.28612226, "Standard Deviation": 699.8903130392092}, "Base,FeatureA": {"Occurrences": 2, "Overall Time": 1000.11, "Mean": 500.055, "Variance": 250054002.916, "Standard Deviation": 500.054}, "Base,FeatureB": {"Occurrences": 2, "Overall Time": 2000.125, "Mean": 1000.0625, "Variance": 1000121003.66025, "Standard Deviation": 1000.0605}, "Base,FeatureC": {"Occurrences": 2, "Overall Time": 1000.137, "Mean": 500.0685, "Variance": 250068504.69225, "Standard Deviation": 500.0685}, "Base,FeatureD": {"Occurrences": 2, "Overall Time": 2000.122, "Mean": 1000.061, "Variance": 1000120003.6, "Standard Deviation": 1000.06}, "Base,FeatureA,FeatureB": {"Occurrences": 1, "Overall Time": 2000.117, "Mean": 2000.117, "Variance": 0.0, "Standard Deviation": 0.0}, "Base,FeatureC,FeatureD": {"Occurrences": 1, "Overall Time": 0.028, "Mean": 0.028, "Variance": 0.0, "Standard Deviation": 0.0}, "Overall time for all features": {"Time Taken": 10000.755000000001}}