{"Base": {"Occurrences": 7, "Overall Time": 2000.132, "Mean": 285.73314285714287, "Variance": 489855430.3812655, "Standard Deviation": 699.8967283687397}, "Base,FeatureA": {"Occurrences": 2, "Overall Time": 1000.116, "Mean": 500.058, "Variance": 250058003.364, "Standard Deviation": 500.058}, "Base,FeatureB": {"Occurrences": 2, "Overall Time": 2000.114, "Mean": 1000.057, "Variance": 1000112003.136, "Standard Deviation": 1000.056}, "Base,FeatureC": {"Occurrences": 2, "Overall Time": 1000.107, "Mean": 500.0535, "Variance": 250053502.86225, "Standard Deviation": 500.0535}, "Base,FeatureD": {"Occurrences": 2, "Overall Time": 2000.109, "Mean": 1000.0545, "Variance": 1000107002.86225, "Standard Deviation": 1000.0535}, "Base,FeatureA,FeatureB": {"Occurrences": 1, "Overall Time": 2000.109, "Mean": 2000.109, "Variance": 0.0, "Standard Deviation": 0.0}, "Base,FeatureC,FeatureD": {"Occurrences": 1, "Overall Time": 0.027, "Mean": 0.027, "Variance": 0.0, "Standard Deviation": 0.0}, "Overall time for all features": {"Time Taken": 10000.714}}