{"Base": {"Occurrences": 3, "Overall Time": 2000.127, "Mean": 666.709, "Variance": 888988447.2426666, "Standard Deviation": 942.8618388940484}, "Base,FeatureA": {"Occurrences": 2, "Overall Time": 1000.094, "Mean": 500.047, "Variance": 250047002.209, "Standard Deviation": 500.047}, "Overall time for all features": {"Time Taken": 3000.221}}