{"Base": {"Occurrences": 3, "Overall Time": 2000.13, "Mean": 666.71, "Variance": 888988447.2486666, "Standard Deviation": 942.8618388972303}, "Base,FeatureA": {"Occurrences": 2, "Overall Time": 1000.09, "Mean": 500.045, "Variance": 250044001.936, "Standard Deviation": 500.044}, "Overall time for all features": {"Time Taken": 3000.2200000000003}}