{"Base": {"Occurrences": 3, "Overall Time": 2000.138, "Mean": 666.7126666666667, "Variance": 888990225.152889, "Standard Deviation": 942.8627817200598}, "Base,FeatureA": {"Occurrences": 2, "Overall Time": 1000.101, "Mean": 500.0505, "Variance": 250049502.45025, "Standard Deviation": 500.0495}, "Overall time for all features": {"Time Taken": 3000.239}}