{"Base": {"Occurrences": 3, "Overall Time": 2000.113, "Mean": 666.7043333333334, "Variance": 888972001.9628887, "Standard Deviation": 942.8531179154518}, "Base,FeatureA": {"Occurrences": 2, "Overall Time": 1000.097, "Mean": 500.0485, "Variance": 250048502.35225, "Standard Deviation": 500.0485}, "Overall time for all features": {"Time Taken": 3000.21}}