{"Base": {"Occurrences": 3, "Overall Time": 2000.145, "Mean": 666.715, "Variance": 889008448.4726666, "Standard Deviation": 942.8724454944405}, "Base,FeatureA": {"Occurrences": 2, "Overall Time": 1000.111, "Mean": 500.0555, "Variance": 250054502.97025, "Standard Deviation": 500.0545}, "Overall time for all features": {"Time Taken": 3000.256}}