{"Base": {"Occurrences": 3, "Overall Time": 2000.133, "Mean": 666.711, "Variance": 888984447.0606667, "Standard Deviation": 942.8597175935912}, "Base,FeatureA": {"Occurrences": 2, "Overall Time": 1000.093, "Mean": 500.0465, "Variance": 250045502.07025, "Standard Deviation": 500.0455}, "Overall time for all features": {"Time Taken": 3000.226}}