{"Base": {"Occurrences": 4, "Overall Time": 3000.219, "Mean": 750.05475, "Variance": 687577877.3761874, "Standard Deviation": 829.2031580838242}, "Base,FeatureA": {"Occurrences": 3, "Overall Time": 0.001, "Mean": 0.0003333333333333333, "Variance": 0.00022222222222222223, "Standard Deviation": 0.0004714045207910317}, "Base,FeatureB": {"Occurrences": 2, "Overall Time": 0.001, "Mean": 0.0005, "Variance": 0.00025, "Standard Deviation": 0.0005}, "Base,FeatureB,FeatureC": {"Occurrences": 1, "Overall Time": 0.007, "Mean": 0.007, "Variance": 0.0, "Standard Deviation": 0.0}, "Base,FeatureA,FeatureC": {"Occurrences": 1, "Overall Time": 0.001, "Mean": 0.001, "Variance": 0.0, "Standard Deviation": 0.0}, "Overall time for all features": {"Time Taken": 3000.2290000000007}}