{"Base": {"Occurrences": 5, "Overall Time": 2000.123, "Mean": 400.02459999999996, "Variance": 640073922.13784, "Standard Deviation": 800.0462000021249}, "Base,FeatureA": {"Occurrences": 1, "Overall Time": 2000.118, "Mean": 2000.118, "Variance": 0.0, "Standard Deviation": 0.0}, "Base,FeatureB": {"Occurrences": 1, "Overall Time": 2000.121, "Mean": 2000.121, "Variance": 0.0, "Standard Deviation": 0.0}, "Base,FeatureC": {"Occurrences": 2, "Overall Time": 1000.113, "Mean": 500.0565, "Variance": 250055503.08025, "Standard Deviation": 500.0555}, "Overall time for all features": {"Time Taken": 7000.475}}