{"Base": {"Occurrences": 5, "Overall Time": 2000.123, "Mean": 400.02459999999996, "Variance": 640070721.9594399, "Standard Deviation": 800.0442000036246}, "Base,FeatureA": {"Occurrences": 1, "Overall Time": 2000.081, "Mean": 2000.081, "Variance": 0.0, "Standard Deviation": 0.0}, "Base,FeatureB": {"Occurrences": 1, "Overall Time": 2000.104, "Mean": 2000.104, "Variance": 0.0, "Standard Deviation": 0.0}, "Base,FeatureC": {"Occurrences": 2, "Overall Time": 1000.111, "Mean": 500.0555, "Variance": 250054502.97025, "Standard Deviation": 500.0545}, "Overall time for all features": {"Time Taken": 7000.419}}