{"Base": {"Occurrences": 86404, "Overall Time": 4171.728, "Mean": 0.0482816536271469, "Variance": 3874.999683992375, "Standard Deviation": 1.968501888236934}, "Base,Stdout": {"Occurrences": 14, "Overall Time": 0.01, "Mean": 0.0007142857142857143, "Variance": 0.00020408163265306123, "Standard Deviation": 0.00045175395145262567}, "Base,Filter": {"Occurrences": 1, "Overall Time": 0.0, "Mean": 0.0, "Variance": 0.0, "Standard Deviation": 0.0}, "Base,Verbosity": {"Occurrences": 7, "Overall Time": 0.001, "Mean": 0.00014285714285714284, "Variance": 0.00012244897959183678, "Standard Deviation": 0.00034992710611188267}, "Base,FlushTO_val": {"Occurrences": 4, "Overall Time": 0.009, "Mean": 0.00225, "Variance": 0.0111875, "Standard Deviation": 0.003344772040064913}, "Base,FlushTO_val,Threads_val": {"Occurrences": 5, "Overall Time": 0.031, "Mean": 0.0062, "Variance": 0.15376, "Standard Deviation": 0.0124}, "Base,Cores,FlushTO_val,Threads_val": {"Occurrences": 3, "Overall Time": 0.001, "Mean": 0.0003333333333333333, "Variance": 0.00022222222222222223, "Standard Deviation": 0.0004714045207910317}, "Base,Cores,FlushTO_val": {"Occurrences": 1, "Overall Time": 0.001, "Mean": 0.001, "Variance": 0.0, "Standard Deviation": 0.0}, "Base,Cores": {"Occurrences": 1, "Overall Time": 0.0, "Mean": 0.0, "Variance": 0.0, "Standard Deviation": 0.0}, "Base,ForceOverwrite,Stdout": {"Occurrences": 6, "Overall Time": 0.665, "Mean": 0.11083333333333333, "Variance": 25.558138888888895, "Standard Deviation": 0.15986913050645174}, "Base,ForceOverwrite,KeepIn,Stdout": {"Occurrences": 2, "Overall Time": 0.0, "Mean": 0.0, "Variance": 0.0, "Standard Deviation": 0.0}, "Base,Threads_val": {"Occurrences": 86381, "Overall Time": 147.348, "Mean": 0.0017057917829152245, "Variance": 18.330828364945663, "Standard Deviation": 0.13539138955245886}, "Base,KeepIn": {"Occurrences": 2, "Overall Time": 0.002, "Mean": 0.001, "Variance": 0.0, "Standard Deviation": 0.0}, "Overall time for all features": {"Time Taken": 4319.796000000001}}