{"Base": {"Occurrences": 4, "Overall Time": 2000.13, "Mean": 500.0325, "Variance": 750089502.67425, "Standard Deviation": 866.0770766359366}, "Base,FeatureA": {"Occurrences": 2, "Overall Time": 1000.097, "Mean": 500.0485, "Variance": 250047502.25625, "Standard Deviation": 500.0475}, "Base,FeatureD": {"Occurrences": 1, "Overall Time": 2000.107, "Mean": 2000.107, "Variance": 0.0, "Standard Deviation": 0.0}, "Overall time for all features": {"Time Taken": 5000.334}}