{"Base": {"Occurrences": 4, "Overall Time": 2000.148, "Mean": 500.037, "Variance": 750103003.5435, "Standard Deviation": 866.0848708663025}, "Base,FeatureA": {"Occurrences": 2, "Overall Time": 1000.111, "Mean": 500.0555, "Variance": 250054502.97025, "Standard Deviation": 500.0545}, "Base,FeatureD": {"Occurrences": 1, "Overall Time": 2000.078, "Mean": 2000.078, "Variance": 0.0, "Standard Deviation": 0.0}, "Overall time for all features": {"Time Taken": 5000.3369999999995}}