{"Base": {"Occurrences": 4, "Overall Time": 2000.135, "Mean": 500.03375, "Variance": 750095253.0276875, "Standard Deviation": 866.0803963995995}, "Base,FeatureA": {"Occurrences": 2, "Overall Time": 1000.098, "Mean": 500.049, "Variance": 250048002.304, "Standard Deviation": 500.048}, "Base,FeatureD": {"Occurrences": 1, "Overall Time": 2000.1, "Mean": 2000.1, "Variance": 0.0, "Standard Deviation": 0.0}, "Overall time for all features": {"Time Taken": 5000.3330000000005}}