{"Base": {"Occurrences": 7, "Overall Time": 2000.14, "Mean": 285.73428571428576, "Variance": 489858777.5302041, "Standard Deviation": 699.8991195380976}, "Base,FeatureA": {"Occurrences": 2, "Overall Time": 1000.09, "Mean": 500.045, "Variance": 250044001.936, "Standard Deviation": 500.044}, "Base,FeatureB": {"Occurrences": 2, "Overall Time": 2000.094, "Mean": 1000.047, "Variance": 1000090002.025, "Standard Deviation": 1000.045}, "Base,FeatureC": {"Occurrences": 2, "Overall Time": 1000.121, "Mean": 500.0605, "Variance": 250060503.66025, "Standard Deviation": 500.0605}, "Base,FeatureD": {"Occurrences": 2, "Overall Time": 2000.114, "Mean": 1000.057, "Variance": 1000112003.136, "Standard Deviation": 1000.056}, "Base,FeatureA,FeatureB": {"Occurrences": 1, "Overall Time": 2000.11, "Mean": 2000.11, "Variance": 0.0, "Standard Deviation": 0.0}, "Base,FeatureC,FeatureD": {"Occurrences": 1, "Overall Time": 0.026, "Mean": 0.026, "Variance": 0.0, "Standard Deviation": 0.0}, "Overall time for all features": {"Time Taken": 10000.695000000002}}