{"Base": {"Occurrences": 7, "Overall Time": 2000.125, "Mean": 285.73214285714283, "Variance": 489852573.0692655, "Standard Deviation": 699.8946871274745}, "Base,FeatureA": {"Occurrences": 2, "Overall Time": 1000.088, "Mean": 500.044, "Variance": 250044001.936, "Standard Deviation": 500.044}, "Base,FeatureB": {"Occurrences": 2, "Overall Time": 2000.099, "Mean": 1000.0495, "Variance": 1000093002.16225, "Standard Deviation": 1000.0465}, "Base,FeatureC": {"Occurrences": 2, "Overall Time": 1000.103, "Mean": 500.0515, "Variance": 250050502.55025, "Standard Deviation": 500.0505}, "Base,FeatureD": {"Occurrences": 2, "Overall Time": 2000.104, "Mean": 1000.052, "Variance": 1000102002.601, "Standard Deviation": 1000.051}, "Base,FeatureA,FeatureB": {"Occurrences": 1, "Overall Time": 2000.102, "Mean": 2000.102, "Variance": 0.0, "Standard Deviation": 0.0}, "Base,FeatureC,FeatureD": {"Occurrences": 1, "Overall Time": 0.023, "Mean": 0.023, "Variance": 0.0, "Standard Deviation": 0.0}, "Overall time for all features": {"Time Taken": 10000.644}}