{"Base": {"Occurrences": 7, "Overall Time": 2000.132, "Mean": 285.73314285714287, "Variance": 489850858.6924083, "Standard Deviation": 699.8934623872467}, "Base,FeatureA": {"Occurrences": 2, "Overall Time": 1000.091, "Mean": 500.0455, "Variance": 250045502.07025, "Standard Deviation": 500.0455}, "Base,FeatureB": {"Occurrences": 2, "Overall Time": 2000.123, "Mean": 1000.0615, "Variance": 1000121003.66025, "Standard Deviation": 1000.0605}, "Base,FeatureC": {"Occurrences": 2, "Overall Time": 1000.125, "Mean": 500.0625, "Variance": 250062503.90625, "Standard Deviation": 500.0625}, "Base,FeatureD": {"Occurrences": 2, "Overall Time": 2000.105, "Mean": 1000.0525, "Variance": 1000105002.75625, "Standard Deviation": 1000.0525}, "Base,FeatureA,FeatureB": {"Occurrences": 1, "Overall Time": 2000.107, "Mean": 2000.107, "Variance": 0.0, "Standard Deviation": 0.0}, "Base,FeatureC,FeatureD": {"Occurrences": 1, "Overall Time": 0.021, "Mean": 0.021, "Variance": 0.0, "Standard Deviation": 0.0}, "Overall time for all features": {"Time Taken": 10000.704}}