{"Base": {"Occurrences": 7, "Overall Time": 2000.123, "Mean": 285.73185714285717, "Variance": 489848736.1264081, "Standard Deviation": 699.8919460362492}, "Base,FeatureA": {"Occurrences": 2, "Overall Time": 1000.091, "Mean": 500.0455, "Variance": 250045502.07025, "Standard Deviation": 500.0455}, "Base,FeatureB": {"Occurrences": 2, "Overall Time": 2000.086, "Mean": 1000.043, "Variance": 1000084001.764, "Standard Deviation": 1000.042}, "Base,FeatureC": {"Occurrences": 2, "Overall Time": 1000.116, "Mean": 500.058, "Variance": 250058003.364, "Standard Deviation": 500.058}, "Base,FeatureD": {"Occurrences": 2, "Overall Time": 2000.103, "Mean": 1000.0515, "Variance": 1000103002.65225, "Standard Deviation": 1000.0515}, "Base,FeatureA,FeatureB": {"Occurrences": 1, "Overall Time": 2000.084, "Mean": 2000.084, "Variance": 0.0, "Standard Deviation": 0.0}, "Base,FeatureC,FeatureD": {"Occurrences": 1, "Overall Time": 0.017, "Mean": 0.017, "Variance": 0.0, "Standard Deviation": 0.0}, "Overall time for all features": {"Time Taken": 10000.62}}