{"Base": {"Occurrences": 7, "Overall Time": 2000.123, "Mean": 285.73185714285717, "Variance": 489850450.5009795, "Standard Deviation": 699.8931707774977}, "Base,FeatureA": {"Occurrences": 2, "Overall Time": 1000.088, "Mean": 500.044, "Variance": 250043001.849, "Standard Deviation": 500.043}, "Base,FeatureB": {"Occurrences": 2, "Overall Time": 2000.107, "Mean": 1000.0535, "Variance": 1000103002.65225, "Standard Deviation": 1000.0515}, "Base,FeatureC": {"Occurrences": 2, "Overall Time": 1000.095, "Mean": 500.0475, "Variance": 250047502.25625, "Standard Deviation": 500.0475}, "Base,FeatureD": {"Occurrences": 2, "Overall Time": 2000.111, "Mean": 1000.0555, "Variance": 1000109002.97025, "Standard Deviation": 1000.0545}, "Base,FeatureA,FeatureB": {"Occurrences": 1, "Overall Time": 2000.109, "Mean": 2000.109, "Variance": 0.0, "Standard Deviation": 0.0}, "Base,FeatureC,FeatureD": {"Occurrences": 1, "Overall Time": 0.023, "Mean": 0.023, "Variance": 0.0, "Standard Deviation": 0.0}, "Overall time for all features": {"Time Taken": 10000.655999999999}}