{"Base": {"Occurrences": 7, "Overall Time": 2000.108, "Mean": 285.72971428571424, "Variance": 489844246.0916326, "Standard Deviation": 699.8887383660582}, "Base,FeatureA": {"Occurrences": 2, "Overall Time": 1000.082, "Mean": 500.041, "Variance": 250041001.681, "Standard Deviation": 500.041}, "Base,FeatureB": {"Occurrences": 2, "Overall Time": 2000.094, "Mean": 1000.047, "Variance": 1000092002.116, "Standard Deviation": 1000.046}, "Base,FeatureC": {"Occurrences": 2, "Overall Time": 1000.106, "Mean": 500.053, "Variance": 250053002.809, "Standard Deviation": 500.053}, "Base,FeatureD": {"Occurrences": 2, "Overall Time": 2000.101, "Mean": 1000.0505, "Variance": 1000099002.45025, "Standard Deviation": 1000.0495}, "Base,FeatureA,FeatureB": {"Occurrences": 1, "Overall Time": 2000.096, "Mean": 2000.096, "Variance": 0.0, "Standard Deviation": 0.0}, "Base,FeatureC,FeatureD": {"Occurrences": 1, "Overall Time": 0.018, "Mean": 0.018, "Variance": 0.0, "Standard Deviation": 0.0}, "Overall time for all features": {"Time Taken": 10000.605}}