{"Base": {"Occurrences": 7, "Overall Time": 2000.129, "Mean": 285.7327142857143, "Variance": 489850532.14220405, "Standard Deviation": 699.8932291015566}, "Base,FeatureA": {"Occurrences": 2, "Overall Time": 1000.093, "Mean": 500.0465, "Variance": 250046502.16225, "Standard Deviation": 500.0465}, "Base,FeatureB": {"Occurrences": 2, "Overall Time": 2000.099, "Mean": 1000.0495, "Variance": 1000097002.35225, "Standard Deviation": 1000.0485}, "Base,FeatureC": {"Occurrences": 2, "Overall Time": 1000.127, "Mean": 500.0635, "Variance": 250063504.03225, "Standard Deviation": 500.0635}, "Base,FeatureD": {"Occurrences": 2, "Overall Time": 2000.1, "Mean": 1000.05, "Variance": 1000098002.401, "Standard Deviation": 1000.049}, "Base,FeatureA,FeatureB": {"Occurrences": 1, "Overall Time": 2000.098, "Mean": 2000.098, "Variance": 0.0, "Standard Deviation": 0.0}, "Base,FeatureC,FeatureD": {"Occurrences": 1, "Overall Time": 0.025, "Mean": 0.025, "Variance": 0.0, "Standard Deviation": 0.0}, "Overall time for all features": {"Time Taken": 10000.671}}