{"Base": {"Occurrences": 7, "Overall Time": 2000.132, "Mean": 285.73314285714287, "Variance": 489853715.99955124, "Standard Deviation": 699.895503628614}, "Base,FeatureA": {"Occurrences": 2, "Overall Time": 1000.09, "Mean": 500.045, "Variance": 250045002.025, "Standard Deviation": 500.045}, "Base,FeatureB": {"Occurrences": 2, "Overall Time": 2000.1, "Mean": 1000.05, "Variance": 1000096002.304, "Standard Deviation": 1000.048}, "Base,FeatureC": {"Occurrences": 2, "Overall Time": 1000.103, "Mean": 500.0515, "Variance": 250050502.55025, "Standard Deviation": 500.0505}, "Base,FeatureD": {"Occurrences": 2, "Overall Time": 2000.11, "Mean": 1000.055, "Variance": 1000108002.916, "Standard Deviation": 1000.054}, "Base,FeatureA,FeatureB": {"Occurrences": 1, "Overall Time": 2000.114, "Mean": 2000.114, "Variance": 0.0, "Standard Deviation": 0.0}, "Base,FeatureC,FeatureD": {"Occurrences": 1, "Overall Time": 0.023, "Mean": 0.023, "Variance": 0.0, "Standard Deviation": 0.0}, "Overall time for all features": {"Time Taken": 10000.671999999999}}