{"Base": {"Occurrences": 86404, "Overall Time": 39557.995, "Mean": 0.4578259687051526, "Variance": 3127274.213564837, "Standard Deviation": 55.92203692253025}, "Base,Stdout": {"Occurrences": 14, "Overall Time": 0.011, "Mean": 0.0007857142857142857, "Variance": 0.00031122448979591837, "Standard Deviation": 0.0005578749768504754}, "Base,Filter": {"Occurrences": 1, "Overall Time": 0.001, "Mean": 0.001, "Variance": 0.0, "Standard Deviation": 0.0}, "Base,Verbosity": {"Occurrences": 7, "Overall Time": 0.005, "Mean": 0.0007142857142857143, "Variance": 0.0002040816326530612, "Standard Deviation": 0.0004517539514526256}, "Base,FlushTO_val": {"Occurrences": 4, "Overall Time": 0.011, "Mean": 0.00275, "Variance": 0.0176875, "Standard Deviation": 0.004205650960315181}, "Base,FlushTO_val,Threads_val": {"Occurrences": 5, "Overall Time": 0.029, "Mean": 0.0058, "Variance": 0.13456, "Standard Deviation": 0.0116}, "Base,Cores,FlushTO_val,Threads_val": {"Occurrences": 3, "Overall Time": 0.002, "Mean": 0.0006666666666666666, "Variance": 0.00022222222222222223, "Standard Deviation": 0.0004714045207910317}, "Base,Cores,FlushTO_val": {"Occurrences": 1, "Overall Time": 0.001, "Mean": 0.001, "Variance": 0.0, "Standard Deviation": 0.0}, "Base,Cores": {"Occurrences": 1, "Overall Time": 0.0, "Mean": 0.0, "Variance": 0.0, "Standard Deviation": 0.0}, "Base,ForceOverwrite,Stdout": {"Occurrences": 6, "Overall Time": 0.558, "Mean": 0.093, "Variance": 17.321, "Standard Deviation": 0.13160927019021113}, "Base,ForceOverwrite,KeepIn,Stdout": {"Occurrences": 2, "Overall Time": 0.001, "Mean": 0.0005, "Variance": 0.00025, "Standard Deviation": 0.0005}, "Base,Threads_val": {"Occurrences": 86381, "Overall Time": 64.803, "Mean": 0.0007501996966925597, "Variance": 0.0009396951766619056, "Standard Deviation": 0.0009693787581033049}, "Base,KeepIn": {"Occurrences": 2, "Overall Time": 0.0, "Mean": 0.0, "Variance": 0.0, "Standard Deviation": 0.0}, "Overall time for all features": {"Time Taken": 39623.41699999999}}