{"Base": {"Occurrences": 86404, "Overall Time": 26605.656, "Mean": 0.3079215777047359, "Variance": 313754.07953796827, "Standard Deviation": 17.713104740218984}, "Base,Stdout": {"Occurrences": 14, "Overall Time": 0.014, "Mean": 0.001, "Variance": 0.00042857142857142855, "Standard Deviation": 0.000654653670707977}, "Base,Filter": {"Occurrences": 1, "Overall Time": 0.001, "Mean": 0.001, "Variance": 0.0, "Standard Deviation": 0.0}, "Base,Verbosity": {"Occurrences": 7, "Overall Time": 0.005, "Mean": 0.0007142857142857143, "Variance": 0.00020408163265306126, "Standard Deviation": 0.00045175395145262567}, "Base,FlushTO_val": {"Occurrences": 4, "Overall Time": 0.01, "Mean": 0.0025, "Variance": 0.01025, "Standard Deviation": 0.003201562118716424}, "Base,FlushTO_val,Threads_val": {"Occurrences": 5, "Overall Time": 0.032, "Mean": 0.0064, "Variance": 0.13944, "Standard Deviation": 0.011808471535300409}, "Base,Cores,FlushTO_val,Threads_val": {"Occurrences": 3, "Overall Time": 0.0, "Mean": 0.0, "Variance": 0.0, "Standard Deviation": 0.0}, "Base,Cores,FlushTO_val": {"Occurrences": 1, "Overall Time": 0.001, "Mean": 0.001, "Variance": 0.0, "Standard Deviation": 0.0}, "Base,Cores": {"Occurrences": 1, "Overall Time": 0.0, "Mean": 0.0, "Variance": 0.0, "Standard Deviation": 0.0}, "Base,ForceOverwrite,Stdout": {"Occurrences": 6, "Overall Time": 0.694, "Mean": 0.11566666666666667, "Variance": 26.68622222222222, "Standard Deviation": 0.16335918162816015}, "Base,ForceOverwrite,KeepIn,Stdout": {"Occurrences": 2, "Overall Time": 0.001, "Mean": 0.0005, "Variance": 0.00025, "Standard Deviation": 0.0005}, "Base,Threads_val": {"Occurrences": 86381, "Overall Time": 95.978, "Mean": 0.001111100820782348, "Variance": 2.559128150466225, "Standard Deviation": 0.05058782610931434}, "Base,KeepIn": {"Occurrences": 2, "Overall Time": 0.002, "Mean": 0.001, "Variance": 0.0, "Standard Deviation": 0.0}, "Overall time for all features": {"Time Taken": 26702.393999999997}}