{"Base": {"Occurrences": 86404.0, "Overall Time": 16693.379, "Mean": 0.19320146058052867, "Variance": 1638125.2363453102, "Standard Deviation": 40.473759849380315}, "Base,Stdout": {"Occurrences": 14.0, "Overall Time": 0.01, "Mean": 0.0007142857142857143, "Variance": 0.0003469387755102041, "Standard Deviation": 0.0005890150893739515}, "Base,Filter": {"Occurrences": 1.0, "Overall Time": 0.001, "Mean": 0.001, "Variance": 0.0, "Standard Deviation": 0.0}, "Base,Verbosity": {"Occurrences": 7.0, "Overall Time": 0.003, "Mean": 0.00042857142857142855, "Variance": 0.00024489795918367346, "Standard Deviation": 0.0004948716593053934}, "Base,FlushTO_val": {"Occurrences": 4.0, "Overall Time": 0.005, "Mean": 0.00125, "Variance": 0.0046875, "Standard Deviation": 0.0021650635094610966}, "Base,FlushTO_val,Threads_val": {"Occurrences": 5.0, "Overall Time": 0.029, "Mean": 0.0058, "Variance": 0.11256, "Standard Deviation": 0.010609429767899874}, "Base,Cores,FlushTO_val,Threads_val": {"Occurrences": 3.0, "Overall Time": 0.0, "Mean": 0.0, "Variance": 0.0, "Standard Deviation": 0.0}, "Base,Cores,FlushTO_val": {"Occurrences": 1.0, "Overall Time": 0.001, "Mean": 0.001, "Variance": 0.0, "Standard Deviation": 0.0}, "Base,Cores": {"Occurrences": 1.0, "Overall Time": 0.0, "Mean": 0.0, "Variance": 0.0, "Standard Deviation": 0.0}, "Base,ForceOverwrite,Stdout": {"Occurrences": 6.0, "Overall Time": 0.689, "Mean": 0.11483333333333333, "Variance": 26.71513888888889, "Standard Deviation": 0.16344766406678587}, "Base,ForceOverwrite,KeepIn,Stdout": {"Occurrences": 2.0, "Overall Time": 0.0, "Mean": 0.0, "Variance": 0.0, "Standard Deviation": 0.0}, "Base,Threads_val": {"Occurrences": 86381.0, "Overall Time": 61.559, "Mean": 0.0007126451418714763, "Variance": 0.0005272603664177745, "Standard Deviation": 0.0007261269630152667}, "Base,KeepIn": {"Occurrences": 2.0, "Overall Time": 0.002, "Mean": 0.001, "Variance": 0.0, "Standard Deviation": 0.0}, "Overall time for all features": {"Time Taken": 16755.678}, "Number of Repetitions": {"Repetitions": 30}}