{"Base": {"Occurrences": 86404, "Overall Time": 6105.473, "Mean": 0.07066192537382529, "Variance": 83805.19870239228, "Standard Deviation": 9.154517939377927}, "Base,Stdout": {"Occurrences": 14, "Overall Time": 0.006, "Mean": 0.00042857142857142855, "Variance": 0.00024489795918367346, "Standard Deviation": 0.0004948716593053934}, "Base,Filter": {"Occurrences": 1, "Overall Time": 0.0, "Mean": 0.0, "Variance": 0.0, "Standard Deviation": 0.0}, "Base,Verbosity": {"Occurrences": 7, "Overall Time": 0.003, "Mean": 0.00042857142857142855, "Variance": 0.00024489795918367346, "Standard Deviation": 0.0004948716593053934}, "Base,FlushTO_val": {"Occurrences": 4, "Overall Time": 0.006, "Mean": 0.0015, "Variance": 0.00675, "Standard Deviation": 0.002598076211353316}, "Base,FlushTO_val,Threads_val": {"Occurrences": 5, "Overall Time": 0.033, "Mean": 0.0066, "Variance": 0.14903999999999995, "Standard Deviation": 0.012208193969625481}, "Base,Cores,FlushTO_val,Threads_val": {"Occurrences": 3, "Overall Time": 0.001, "Mean": 0.0003333333333333333, "Variance": 0.00022222222222222223, "Standard Deviation": 0.0004714045207910317}, "Base,Cores,FlushTO_val": {"Occurrences": 1, "Overall Time": 0.001, "Mean": 0.001, "Variance": 0.0, "Standard Deviation": 0.0}, "Base,Cores": {"Occurrences": 1, "Overall Time": 0.0, "Mean": 0.0, "Variance": 0.0, "Standard Deviation": 0.0}, "Base,ForceOverwrite,Stdout": {"Occurrences": 6, "Overall Time": 0.558, "Mean": 0.093, "Variance": 17.20433333333333, "Standard Deviation": 0.13116529012407716}, "Base,ForceOverwrite,KeepIn,Stdout": {"Occurrences": 2, "Overall Time": 0.001, "Mean": 0.0005, "Variance": 0.00025, "Standard Deviation": 0.0005}, "Base,Threads_val": {"Occurrences": 86381, "Overall Time": 71.411, "Mean": 0.0008266980007177505, "Variance": 0.0009418931138878311, "Standard Deviation": 0.0009705117793658308}, "Base,KeepIn": {"Occurrences": 2, "Overall Time": 0.0, "Mean": 0.0, "Variance": 0.0, "Standard Deviation": 0.0}, "Overall time for all features": {"Time Taken": 6177.493000000001}}