{"Base": {"Occurrences": 86404, "Overall Time": 6095.747, "Mean": 0.07054936114068794, "Variance": 80732.53878825602, "Standard Deviation": 8.985128757466752}, "Base,Stdout": {"Occurrences": 14, "Overall Time": 0.007, "Mean": 0.0005, "Variance": 0.0003928571428571429, "Standard Deviation": 0.0006267831705280087}, "Base,Filter": {"Occurrences": 1, "Overall Time": 0.0, "Mean": 0.0, "Variance": 0.0, "Standard Deviation": 0.0}, "Base,Verbosity": {"Occurrences": 7, "Overall Time": 0.004, "Mean": 0.0005714285714285714, "Variance": 0.00024489795918367346, "Standard Deviation": 0.0004948716593053935}, "Base,FlushTO_val": {"Occurrences": 4, "Overall Time": 0.007, "Mean": 0.00175, "Variance": 0.0061875, "Standard Deviation": 0.00248746859276655}, "Base,FlushTO_val,Threads_val": {"Occurrences": 5, "Overall Time": 0.027, "Mean": 0.0054, "Variance": 0.11664000000000002, "Standard Deviation": 0.0108}, "Base,Cores,FlushTO_val,Threads_val": {"Occurrences": 3, "Overall Time": 0.001, "Mean": 0.0003333333333333333, "Variance": 0.00022222222222222223, "Standard Deviation": 0.0004714045207910317}, "Base,Cores,FlushTO_val": {"Occurrences": 1, "Overall Time": 0.001, "Mean": 0.001, "Variance": 0.0, "Standard Deviation": 0.0}, "Base,Cores": {"Occurrences": 1, "Overall Time": 0.0, "Mean": 0.0, "Variance": 0.0, "Standard Deviation": 0.0}, "Base,ForceOverwrite,Stdout": {"Occurrences": 6, "Overall Time": 0.859, "Mean": 0.14316666666666666, "Variance": 40.95847222222223, "Standard Deviation": 0.20238199579562957}, "Base,ForceOverwrite,KeepIn,Stdout": {"Occurrences": 2, "Overall Time": 0.002, "Mean": 0.001, "Variance": 0.0, "Standard Deviation": 0.0}, "Base,Threads_val": {"Occurrences": 86381, "Overall Time": 73.463, "Mean": 0.0008504532246674616, "Variance": 0.0006299088312968625, "Standard Deviation": 0.0007936679603567617}, "Base,KeepIn": {"Occurrences": 2, "Overall Time": 0.001, "Mean": 0.0005, "Variance": 0.00025, "Standard Deviation": 0.0005}, "Overall time for all features": {"Time Taken": 6170.119000000001}}