{"Base": {"Occurrences": 6, "Overall Time": 8000.569, "Mean": 1333.4281666666668, "Variance": 555605335.0654722, "Standard Deviation": 745.3893848623499}, "Base,FeatureA": {"Occurrences": 3, "Overall Time": 0.002, "Mean": 0.0006666666666666666, "Variance": 0.00022222222222222223, "Standard Deviation": 0.0004714045207910317}, "Base,FeatureB": {"Occurrences": 1, "Overall Time": 0.0, "Mean": 0.0, "Variance": 0.0, "Standard Deviation": 0.0}, "Base,FeatureC": {"Occurrences": 2, "Overall Time": 0.003, "Mean": 0.0015, "Variance": 0.00025, "Standard Deviation": 0.0005}, "Base,FeatureA,FeatureB": {"Occurrences": 1, "Overall Time": 0.0, "Mean": 0.0, "Variance": 0.0, "Standard Deviation": 0.0}, "Overall time for all features": {"Time Taken": 8000.5740000000005}}