{"Base": {"Occurrences": 4, "Overall Time": 2000.127, "Mean": 500.03175, "Variance": 750088252.5986875, "Standard Deviation": 866.0763549472341}, "Base,FeatureA": {"Occurrences": 2, "Overall Time": 1000.097, "Mean": 500.0485, "Variance": 250048502.35225, "Standard Deviation": 500.0485}, "Base,FeatureD": {"Occurrences": 1, "Overall Time": 2000.099, "Mean": 2000.099, "Variance": 0.0, "Standard Deviation": 0.0}, "Overall time for all features": {"Time Taken": 5000.323}}