{"Base": {"Occurrences": 4, "Overall Time": 2000.129, "Mean": 500.03225, "Variance": 750088752.6326874, "Standard Deviation": 866.0766436249667}, "Base,FeatureA": {"Occurrences": 2, "Overall Time": 1000.113, "Mean": 500.0565, "Variance": 250055503.08025, "Standard Deviation": 500.0555}, "Base,FeatureD": {"Occurrences": 1, "Overall Time": 2000.107, "Mean": 2000.107, "Variance": 0.0, "Standard Deviation": 0.0}, "Overall time for all features": {"Time Taken": 5000.349}}