{"Base": {"Occurrences": 4, "Overall Time": 2000.129, "Mean": 500.03225, "Variance": 750085752.4616874, "Standard Deviation": 866.0749115761797}, "Base,FeatureA": {"Occurrences": 2, "Overall Time": 1000.095, "Mean": 500.0475, "Variance": 250046502.16225, "Standard Deviation": 500.0465}, "Base,FeatureD": {"Occurrences": 1, "Overall Time": 2000.098, "Mean": 2000.098, "Variance": 0.0, "Standard Deviation": 0.0}, "Overall time for all features": {"Time Taken": 5000.322}}