{"Base": {"Occurrences": 4, "Overall Time": 2000.123, "Mean": 500.03075, "Variance": 750080252.1651875, "Standard Deviation": 866.0717361542215}, "Base,FeatureA": {"Occurrences": 2, "Overall Time": 1000.106, "Mean": 500.053, "Variance": 250052002.704, "Standard Deviation": 500.052}, "Base,FeatureD": {"Occurrences": 1, "Overall Time": 2000.084, "Mean": 2000.084, "Variance": 0.0, "Standard Deviation": 0.0}, "Overall time for all features": {"Time Taken": 5000.313}}