{"Base": {"Occurrences": 4, "Overall Time": 2000.121, "Mean": 500.03025, "Variance": 750083752.3406875, "Standard Deviation": 866.0737568710227}, "Base,FeatureA": {"Occurrences": 2, "Overall Time": 1000.085, "Mean": 500.0425, "Variance": 250042501.80625, "Standard Deviation": 500.0425}, "Base,FeatureD": {"Occurrences": 1, "Overall Time": 2000.087, "Mean": 2000.087, "Variance": 0.0, "Standard Deviation": 0.0}, "Overall time for all features": {"Time Taken": 5000.293}}