{"Base": {"Occurrences": 4, "Overall Time": 2000.115, "Mean": 500.02875, "Variance": 750079252.0986875, "Standard Deviation": 866.0711587962547}, "Base,FeatureA": {"Occurrences": 2, "Overall Time": 1000.078, "Mean": 500.039, "Variance": 250039001.521, "Standard Deviation": 500.039}, "Base,FeatureD": {"Occurrences": 1, "Overall Time": 2000.084, "Mean": 2000.084, "Variance": 0.0, "Standard Deviation": 0.0}, "Overall time for all features": {"Time Taken": 5000.277}}