{"Base": {"Occurrences": 2, "Overall Time": 2000.125, "Mean": 1000.0625, "Variance": 1000123003.78225, "Standard Deviation": 1000.0615}, "Base,FeatureB": {"Occurrences": 1, "Overall Time": 2000.122, "Mean": 2000.122, "Variance": 0.0, "Standard Deviation": 0.0}, "Overall time for all features": {"Time Taken": 4000.2470000000003}}