{"Base": {"Occurrences": 5, "Overall Time": 2000.127, "Mean": 400.02540000000005, "Variance": 640075682.24024, "Standard Deviation": 800.0473000018436}, "Base,FeatureB": {"Occurrences": 1, "Overall Time": 2000.095, "Mean": 2000.095, "Variance": 0.0, "Standard Deviation": 0.0}, "Base,FeatureC": {"Occurrences": 2, "Overall Time": 1000.103, "Mean": 500.0515, "Variance": 250051502.65225, "Standard Deviation": 500.0515}, "Base,FeatureD": {"Occurrences": 2, "Overall Time": 2000.105, "Mean": 1000.0525, "Variance": 1000105002.75625, "Standard Deviation": 1000.0525}, "Base,FeatureC,FeatureD": {"Occurrences": 1, "Overall Time": 0.029, "Mean": 0.029, "Variance": 0.0, "Standard Deviation": 0.0}, "Overall time for all features": {"Time Taken": 7000.459000000001}}