{"Base": {"Occurrences": 6, "Overall Time": 11000.807, "Mean": 1833.4678333333331, "Variance": 1472450399.1758056, "Standard Deviation": 1213.4456721154868}, "Base,FeatureA": {"Occurrences": 3, "Overall Time": 0.004, "Mean": 0.0013333333333333333, "Variance": 0.0002222222222222222, "Standard Deviation": 0.0004714045207910317}, "Base,FeatureB": {"Occurrences": 1, "Overall Time": 0.0, "Mean": 0.0, "Variance": 0.0, "Standard Deviation": 0.0}, "Base,FeatureC": {"Occurrences": 2, "Overall Time": 0.002, "Mean": 0.001, "Variance": 0.0, "Standard Deviation": 0.0}, "Base,FeatureA,FeatureB": {"Occurrences": 1, "Overall Time": 0.001, "Mean": 0.001, "Variance": 0.0, "Standard Deviation": 0.0}, "Overall time for all features": {"Time Taken": 11000.814000000002}}