{"Base": {"Occurrences": 6, "Overall Time": 11000.791, "Mean": 1833.4651666666668, "Variance": 1472418173.9031386, "Standard Deviation": 1213.4323936269127}, "Base,FeatureA": {"Occurrences": 3, "Overall Time": 0.002, "Mean": 0.0006666666666666666, "Variance": 0.0008888888888888889, "Standard Deviation": 0.0009428090415820634}, "Base,FeatureB": {"Occurrences": 1, "Overall Time": 0.001, "Mean": 0.001, "Variance": 0.0, "Standard Deviation": 0.0}, "Base,FeatureC": {"Occurrences": 2, "Overall Time": 0.004, "Mean": 0.002, "Variance": 0.001, "Standard Deviation": 0.001}, "Base,FeatureA,FeatureB": {"Occurrences": 1, "Overall Time": 0.001, "Mean": 0.001, "Variance": 0.0, "Standard Deviation": 0.0}, "Overall time for all features": {"Time Taken": 11000.799}}