{"Base": {"Occurrences": 5, "Overall Time": 2000.117, "Mean": 400.02340000000004, "Variance": 640070081.9218401, "Standard Deviation": 800.043800002125}, "Base,FeatureA": {"Occurrences": 2, "Overall Time": 1000.108, "Mean": 500.054, "Variance": 250053002.809, "Standard Deviation": 500.053}, "Base,FeatureB": {"Occurrences": 2, "Overall Time": 2000.073, "Mean": 1000.0365, "Variance": 1000071001.26025, "Standard Deviation": 1000.0355}, "Base,FeatureD": {"Occurrences": 1, "Overall Time": 2000.119, "Mean": 2000.119, "Variance": 0.0, "Standard Deviation": 0.0}, "Base,FeatureA,FeatureB": {"Occurrences": 1, "Overall Time": 2000.114, "Mean": 2000.114, "Variance": 0.0, "Standard Deviation": 0.0}, "Overall time for all features": {"Time Taken": 9000.530999999999}}