{"Base": {"Occurrences": 86404, "Overall Time": 1514.522, "Mean": 0.017528378315818712, "Variance": 1116.7766370007912, "Standard Deviation": 1.0567765312500044}, "Base,Stdout": {"Occurrences": 14, "Overall Time": 0.008, "Mean": 0.0005714285714285714, "Variance": 0.00038775510204081643, "Standard Deviation": 0.0006226998490772392}, "Base,Filter": {"Occurrences": 1, "Overall Time": 0.0, "Mean": 0.0, "Variance": 0.0, "Standard Deviation": 0.0}, "Base,Verbosity": {"Occurrences": 7, "Overall Time": 0.001, "Mean": 0.00014285714285714284, "Variance": 0.00012244897959183678, "Standard Deviation": 0.00034992710611188267}, "Base,FlushTO_val": {"Occurrences": 4, "Overall Time": 0.008, "Mean": 0.002, "Variance": 0.012, "Standard Deviation": 0.0034641016151377543}, "Base,FlushTO_val,Threads_val": {"Occurrences": 5, "Overall Time": 0.03, "Mean": 0.006, "Variance": 0.13240000000000002, "Standard Deviation": 0.011506519890914021}, "Base,Cores,FlushTO_val,Threads_val": {"Occurrences": 3, "Overall Time": 0.0, "Mean": 0.0, "Variance": 0.0, "Standard Deviation": 0.0}, "Base,Cores,FlushTO_val": {"Occurrences": 1, "Overall Time": 0.001, "Mean": 0.001, "Variance": 0.0, "Standard Deviation": 0.0}, "Base,Cores": {"Occurrences": 1, "Overall Time": 0.001, "Mean": 0.001, "Variance": 0.0, "Standard Deviation": 0.0}, "Base,ForceOverwrite,Stdout": {"Occurrences": 6, "Overall Time": 0.628, "Mean": 0.10466666666666667, "Variance": 22.759888888888888, "Standard Deviation": 0.1508638090758976}, "Base,ForceOverwrite,KeepIn,Stdout": {"Occurrences": 2, "Overall Time": 0.001, "Mean": 0.0005, "Variance": 0.00025, "Standard Deviation": 0.0005}, "Base,Threads_val": {"Occurrences": 86381, "Overall Time": 55.768, "Mean": 0.0006456049362707077, "Variance": 0.0006039742989089637, "Standard Deviation": 0.000777157833975161}, "Base,KeepIn": {"Occurrences": 2, "Overall Time": 0.001, "Mean": 0.0005, "Variance": 0.00025, "Standard Deviation": 0.0005}, "Overall time for all features": {"Time Taken": 1570.9689999999998}}