{"Base": {"Occurrences": 5, "Overall Time": 2000.119, "Mean": 400.0238, "Variance": 640067361.7865598, "Standard Deviation": 800.0421000088431}, "Base,FeatureA": {"Occurrences": 2, "Overall Time": 1000.09, "Mean": 500.045, "Variance": 250045002.025, "Standard Deviation": 500.045}, "Base,FeatureC": {"Occurrences": 2, "Overall Time": 1000.083, "Mean": 500.0415, "Variance": 250041501.72225, "Standard Deviation": 500.0415}, "Overall time for all features": {"Time Taken": 4000.292}}