{"Base": {"Occurrences": 5, "Overall Time": 2000.125, "Mean": 400.025, "Variance": 640072002.0304, "Standard Deviation": 800.0450000033749}, "Base,FeatureA": {"Occurrences": 2, "Overall Time": 1000.115, "Mean": 500.0575, "Variance": 250056503.19225, "Standard Deviation": 500.0565}, "Base,FeatureC": {"Occurrences": 2, "Overall Time": 1000.093, "Mean": 500.0465, "Variance": 250046502.16225, "Standard Deviation": 500.0465}, "Overall time for all features": {"Time Taken": 4000.3329999999996}}