{"Base": {"Occurrences": 5, "Overall Time": 2000.127, "Mean": 400.02540000000005, "Variance": 640075682.2446401, "Standard Deviation": 800.0473000045936}, "Base,FeatureA": {"Occurrences": 2, "Overall Time": 1000.096, "Mean": 500.048, "Variance": 250047002.209, "Standard Deviation": 500.047}, "Base,FeatureC": {"Occurrences": 2, "Overall Time": 1000.108, "Mean": 500.054, "Variance": 250053002.809, "Standard Deviation": 500.053}, "Overall time for all features": {"Time Taken": 4000.331}}