{"Base": {"Occurrences": 5, "Overall Time": 2000.14, "Mean": 400.028, "Variance": 640072802.1136, "Standard Deviation": 800.0455000270922}, "Base,FeatureA": {"Occurrences": 2, "Overall Time": 1000.093, "Mean": 500.0465, "Variance": 250046502.16225, "Standard Deviation": 500.0465}, "Base,FeatureC": {"Occurrences": 2, "Overall Time": 1000.075, "Mean": 500.0375, "Variance": 250037501.40625, "Standard Deviation": 500.0375}, "Overall time for all features": {"Time Taken": 4000.308}}