{"Base": {"Occurrences": 5, "Overall Time": 2000.139, "Mean": 400.0278, "Variance": 640082562.6693599, "Standard Deviation": 800.0516000042496}, "Base,FeatureA": {"Occurrences": 2, "Overall Time": 1000.127, "Mean": 500.0635, "Variance": 250063504.03225, "Standard Deviation": 500.0635}, "Base,FeatureC": {"Occurrences": 2, "Overall Time": 1000.088, "Mean": 500.044, "Variance": 250043001.849, "Standard Deviation": 500.043}, "Overall time for all features": {"Time Taken": 4000.3539999999994}}