{"Base": {"Occurrences": 5, "Overall Time": 2000.172, "Mean": 400.0344, "Variance": 640102084.07864, "Standard Deviation": 800.0638000051247}, "Base,FeatureA": {"Occurrences": 2, "Overall Time": 1000.131, "Mean": 500.0655, "Variance": 250065504.29025, "Standard Deviation": 500.0655}, "Base,FeatureC": {"Occurrences": 2, "Overall Time": 1000.089, "Mean": 500.0445, "Variance": 250043501.89225, "Standard Deviation": 500.0435}, "Overall time for all features": {"Time Taken": 4000.392}}