{"Base": {"Occurrences": 5, "Overall Time": 2000.114, "Mean": 400.02279999999996, "Variance": 640066561.73736, "Standard Deviation": 800.0416000042497}, "Base,FeatureA": {"Occurrences": 2, "Overall Time": 1000.122, "Mean": 500.061, "Variance": 250061003.721, "Standard Deviation": 500.061}, "Base,FeatureC": {"Occurrences": 2, "Overall Time": 1000.089, "Mean": 500.0445, "Variance": 250044501.98025, "Standard Deviation": 500.0445}, "Overall time for all features": {"Time Taken": 4000.325}}