{"Base": {"Occurrences": 5, "Overall Time": 2000.166, "Mean": 400.0332, "Variance": 640100643.9637601, "Standard Deviation": 800.0629000045934}, "Base,FeatureA": {"Occurrences": 2, "Overall Time": 1000.114, "Mean": 500.057, "Variance": 250056003.136, "Standard Deviation": 500.056}, "Base,FeatureC": {"Occurrences": 2, "Overall Time": 1000.089, "Mean": 500.0445, "Variance": 250043501.89225, "Standard Deviation": 500.0435}, "Overall time for all features": {"Time Taken": 4000.3689999999997}}