{"Base": {"Occurrences": 5, "Overall Time": 2000.124, "Mean": 400.02479999999997, "Variance": 640073762.1325599, "Standard Deviation": 800.0461000045935}, "Base,FeatureA": {"Occurrences": 2, "Overall Time": 1000.093, "Mean": 500.0465, "Variance": 250045502.07025, "Standard Deviation": 500.0455}, "Base,FeatureC": {"Occurrences": 2, "Overall Time": 1000.086, "Mean": 500.043, "Variance": 250042001.764, "Standard Deviation": 500.042}, "Overall time for all features": {"Time Taken": 4000.303}}