{"Base": {"Occurrences": 5, "Overall Time": 2000.132, "Mean": 400.0264, "Variance": 640071682.03944, "Standard Deviation": 800.0448000202489}, "Base,FeatureA": {"Occurrences": 2, "Overall Time": 1000.126, "Mean": 500.063, "Variance": 250063003.969, "Standard Deviation": 500.063}, "Base,FeatureC": {"Occurrences": 2, "Overall Time": 1000.104, "Mean": 500.052, "Variance": 250051002.601, "Standard Deviation": 500.051}, "Overall time for all features": {"Time Taken": 4000.362}}