{"Base": {"Occurrences": 86404, "Overall Time": 9449.617, "Mean": 0.10936550391185594, "Variance": 39286.23011043494, "Standard Deviation": 6.26787285372278}, "Base,Stdout": {"Occurrences": 14, "Overall Time": 0.01, "Mean": 0.0007142857142857143, "Variance": 0.00034693877551020415, "Standard Deviation": 0.0005890150893739515}, "Base,Filter": {"Occurrences": 1, "Overall Time": 0.001, "Mean": 0.001, "Variance": 0.0, "Standard Deviation": 0.0}, "Base,Verbosity": {"Occurrences": 7, "Overall Time": 0.002, "Mean": 0.0002857142857142857, "Variance": 0.00020408163265306123, "Standard Deviation": 0.00045175395145262567}, "Base,FlushTO_val": {"Occurrences": 4, "Overall Time": 0.009, "Mean": 0.00225, "Variance": 0.0076875, "Standard Deviation": 0.0027726341266023544}, "Base,FlushTO_val,Threads_val": {"Occurrences": 5, "Overall Time": 0.031, "Mean": 0.0062, "Variance": 0.13016000000000003, "Standard Deviation": 0.011408768557561328}, "Base,Cores,FlushTO_val,Threads_val": {"Occurrences": 3, "Overall Time": 0.0, "Mean": 0.0, "Variance": 0.0, "Standard Deviation": 0.0}, "Base,Cores,FlushTO_val": {"Occurrences": 1, "Overall Time": 0.001, "Mean": 0.001, "Variance": 0.0, "Standard Deviation": 0.0}, "Base,Cores": {"Occurrences": 1, "Overall Time": 0.0, "Mean": 0.0, "Variance": 0.0, "Standard Deviation": 0.0}, "Base,ForceOverwrite,Stdout": {"Occurrences": 6, "Overall Time": 0.556, "Mean": 0.09266666666666667, "Variance": 17.478555555555555, "Standard Deviation": 0.13220648832623744}, "Base,ForceOverwrite,KeepIn,Stdout": {"Occurrences": 2, "Overall Time": 0.001, "Mean": 0.0005, "Variance": 0.00025, "Standard Deviation": 0.0005}, "Base,Threads_val": {"Occurrences": 86381, "Overall Time": 72.154, "Mean": 0.000835299429272641, "Variance": 0.0005225895159845554, "Standard Deviation": 0.000722903531589489}, "Base,KeepIn": {"Occurrences": 2, "Overall Time": 0.001, "Mean": 0.0005, "Variance": 0.00025, "Standard Deviation": 0.0005}, "Overall time for all features": {"Time Taken": 9522.383000000003}}