{"Base": {"Occurrences": 86404, "Overall Time": 9446.92, "Mean": 0.109334290079163, "Variance": 39717.26496438089, "Standard Deviation": 6.302163514570285}, "Base,Stdout": {"Occurrences": 14, "Overall Time": 0.011, "Mean": 0.0007857142857142857, "Variance": 0.00016836734693877556, "Standard Deviation": 0.000410325903324145}, "Base,Filter": {"Occurrences": 1, "Overall Time": 0.0, "Mean": 0.0, "Variance": 0.0, "Standard Deviation": 0.0}, "Base,Verbosity": {"Occurrences": 7, "Overall Time": 0.002, "Mean": 0.0002857142857142857, "Variance": 0.00020408163265306126, "Standard Deviation": 0.00045175395145262567}, "Base,FlushTO_val": {"Occurrences": 4, "Overall Time": 0.009, "Mean": 0.00225, "Variance": 0.0151875, "Standard Deviation": 0.003897114317029974}, "Base,FlushTO_val,Threads_val": {"Occurrences": 5, "Overall Time": 0.031, "Mean": 0.0062, "Variance": 0.13016000000000003, "Standard Deviation": 0.011408768557561328}, "Base,Cores,FlushTO_val,Threads_val": {"Occurrences": 3, "Overall Time": 0.001, "Mean": 0.0003333333333333333, "Variance": 0.00022222222222222223, "Standard Deviation": 0.0004714045207910317}, "Base,Cores,FlushTO_val": {"Occurrences": 1, "Overall Time": 0.0, "Mean": 0.0, "Variance": 0.0, "Standard Deviation": 0.0}, "Base,Cores": {"Occurrences": 1, "Overall Time": 0.001, "Mean": 0.001, "Variance": 0.0, "Standard Deviation": 0.0}, "Base,ForceOverwrite,Stdout": {"Occurrences": 6, "Overall Time": 0.667, "Mean": 0.11116666666666668, "Variance": 27.66313888888889, "Standard Deviation": 0.16632239442988095}, "Base,ForceOverwrite,KeepIn,Stdout": {"Occurrences": 2, "Overall Time": 0.001, "Mean": 0.0005, "Variance": 0.00025, "Standard Deviation": 0.0005}, "Base,Threads_val": {"Occurrences": 86381, "Overall Time": 84.807, "Mean": 0.0009817784003426679, "Variance": 1.3753595040483684, "Standard Deviation": 0.03708583967026186}, "Base,KeepIn": {"Occurrences": 2, "Overall Time": 0.001, "Mean": 0.0005, "Variance": 0.00025, "Standard Deviation": 0.0005}, "Overall time for all features": {"Time Taken": 9532.451000000003}}