{"Base": {"Occurrences": 86404, "Overall Time": 29713.301, "Mean": 0.343888026017314, "Variance": 4784211.234065919, "Standard Deviation": 69.16799284398759}, "Base,Stdout": {"Occurrences": 14, "Overall Time": 0.009, "Mean": 0.0006428571428571429, "Variance": 0.00022959183673469387, "Standard Deviation": 0.0004791574237499549}, "Base,Filter": {"Occurrences": 1, "Overall Time": 0.0, "Mean": 0.0, "Variance": 0.0, "Standard Deviation": 0.0}, "Base,Verbosity": {"Occurrences": 7, "Overall Time": 0.004, "Mean": 0.0005714285714285714, "Variance": 0.00024489795918367346, "Standard Deviation": 0.0004948716593053935}, "Base,FlushTO_val": {"Occurrences": 4, "Overall Time": 0.006, "Mean": 0.0015, "Variance": 0.00675, "Standard Deviation": 0.002598076211353316}, "Base,FlushTO_val,Threads_val": {"Occurrences": 5, "Overall Time": 0.027, "Mean": 0.0054, "Variance": 0.09624000000000002, "Standard Deviation": 0.009810198774744578}, "Base,Cores,FlushTO_val,Threads_val": {"Occurrences": 3, "Overall Time": 0.0, "Mean": 0.0, "Variance": 0.0, "Standard Deviation": 0.0}, "Base,Cores,FlushTO_val": {"Occurrences": 1, "Overall Time": 0.001, "Mean": 0.001, "Variance": 0.0, "Standard Deviation": 0.0}, "Base,Cores": {"Occurrences": 1, "Overall Time": 0.0, "Mean": 0.0, "Variance": 0.0, "Standard Deviation": 0.0}, "Base,ForceOverwrite,Stdout": {"Occurrences": 6, "Overall Time": 0.636, "Mean": 0.106, "Variance": 24.317, "Standard Deviation": 0.15593909067324974}, "Base,ForceOverwrite,KeepIn,Stdout": {"Occurrences": 2, "Overall Time": 0.001, "Mean": 0.0005, "Variance": 0.00025, "Standard Deviation": 0.0005}, "Base,Threads_val": {"Occurrences": 86381, "Overall Time": 56.962, "Mean": 0.000659427420381797, "Variance": 0.0006585903761268345, "Standard Deviation": 0.0008115358132127223}, "Base,KeepIn": {"Occurrences": 2, "Overall Time": 0.001, "Mean": 0.0005, "Variance": 0.00025, "Standard Deviation": 0.0005}, "Overall time for all features": {"Time Taken": 29770.947999999997}}