{"Base": {"Occurrences": 86404, "Overall Time": 29460.221, "Mean": 0.3409589949539373, "Variance": 4718537.656893128, "Standard Deviation": 68.69161271140115}, "Base,Stdout": {"Occurrences": 14, "Overall Time": 0.009, "Mean": 0.0006428571428571429, "Variance": 0.00037244897959183684, "Standard Deviation": 0.0006102859818083951}, "Base,Filter": {"Occurrences": 1, "Overall Time": 0.001, "Mean": 0.001, "Variance": 0.0, "Standard Deviation": 0.0}, "Base,Verbosity": {"Occurrences": 7, "Overall Time": 0.005, "Mean": 0.0007142857142857143, "Variance": 0.00020408163265306126, "Standard Deviation": 0.00045175395145262567}, "Base,FlushTO_val": {"Occurrences": 4, "Overall Time": 0.006, "Mean": 0.0015, "Variance": 0.00425, "Standard Deviation": 0.00206155281280883}, "Base,FlushTO_val,Threads_val": {"Occurrences": 5, "Overall Time": 0.027, "Mean": 0.0054, "Variance": 0.09624000000000002, "Standard Deviation": 0.009810198774744578}, "Base,Cores,FlushTO_val,Threads_val": {"Occurrences": 3, "Overall Time": 0.001, "Mean": 0.0003333333333333333, "Variance": 0.00022222222222222223, "Standard Deviation": 0.0004714045207910317}, "Base,Cores,FlushTO_val": {"Occurrences": 1, "Overall Time": 0.001, "Mean": 0.001, "Variance": 0.0, "Standard Deviation": 0.0}, "Base,Cores": {"Occurrences": 1, "Overall Time": 0.0, "Mean": 0.0, "Variance": 0.0, "Standard Deviation": 0.0}, "Base,ForceOverwrite,Stdout": {"Occurrences": 6, "Overall Time": 0.467, "Mean": 0.07783333333333332, "Variance": 12.113472222222224, "Standard Deviation": 0.11006122033769307}, "Base,ForceOverwrite,KeepIn,Stdout": {"Occurrences": 2, "Overall Time": 0.002, "Mean": 0.001, "Variance": 0.0, "Standard Deviation": 0.0}, "Base,Threads_val": {"Occurrences": 86381, "Overall Time": 59.671, "Mean": 0.0006907884835785647, "Variance": 0.0006696259640011514, "Standard Deviation": 0.000818306766439794}, "Base,KeepIn": {"Occurrences": 2, "Overall Time": 0.001, "Mean": 0.0005, "Variance": 0.00025, "Standard Deviation": 0.0005}, "Overall time for all features": {"Time Taken": 29520.412}}