{"Base": {"Occurrences": 6, "Overall Time": 9000.676, "Mean": 1500.1126666666667, "Variance": 583410670.9525555, "Standard Deviation": 763.8132435042977}, "Base,FeatureA": {"Occurrences": 3, "Overall Time": 0.004, "Mean": 0.0013333333333333333, "Variance": 0.0015555555555555553, "Standard Deviation": 0.001247219128924647}, "Base,FeatureB": {"Occurrences": 1, "Overall Time": 0.0, "Mean": 0.0, "Variance": 0.0, "Standard Deviation": 0.0}, "Base,FeatureC": {"Occurrences": 2, "Overall Time": 0.004, "Mean": 0.002, "Variance": 0.001, "Standard Deviation": 0.001}, "Base,FeatureA,FeatureB": {"Occurrences": 1, "Overall Time": 0.0, "Mean": 0.0, "Variance": 0.0, "Standard Deviation": 0.0}, "Overall time for all features": {"Time Taken": 9000.684000000001}}