{"Base": {"Occurrences": 4, "Overall Time": 4000.322, "Mean": 1000.0805, "Variance": 500063002.26475, "Standard Deviation": 707.1513291119164}, "Base,FeatureA": {"Occurrences": 3, "Overall Time": 0.001, "Mean": 0.0003333333333333333, "Variance": 0.00022222222222222223, "Standard Deviation": 0.0004714045207910317}, "Base,FeatureB": {"Occurrences": 2, "Overall Time": 0.001, "Mean": 0.0005, "Variance": 0.00025, "Standard Deviation": 0.0005}, "Base,FeatureB,FeatureC": {"Occurrences": 1, "Overall Time": 0.006, "Mean": 0.006, "Variance": 0.0, "Standard Deviation": 0.0}, "Base,FeatureA,FeatureC": {"Occurrences": 1, "Overall Time": 0.002, "Mean": 0.002, "Variance": 0.0, "Standard Deviation": 0.0}, "Overall time for all features": {"Time Taken": 4000.3320000000003}}