{"Base": {"Occurrences": 4, "Overall Time": 2000.131, "Mean": 500.03275, "Variance": 750090252.7256875, "Standard Deviation": 866.0775096523911}, "Base,FeatureB": {"Occurrences": 1, "Overall Time": 2000.111, "Mean": 2000.111, "Variance": 0.0, "Standard Deviation": 0.0}, "Base,FeatureC": {"Occurrences": 2, "Overall Time": 1000.103, "Mean": 500.0515, "Variance": 250050502.55025, "Standard Deviation": 500.0505}, "Overall time for all features": {"Time Taken": 5000.345}}