{"Base": {"Occurrences": 4, "Overall Time": 2000.145, "Mean": 500.03625, "Variance": 750099753.3261875, "Standard Deviation": 866.0829944792747}, "Base,FeatureB": {"Occurrences": 1, "Overall Time": 2000.124, "Mean": 2000.124, "Variance": 0.0, "Standard Deviation": 0.0}, "Base,FeatureC": {"Occurrences": 2, "Overall Time": 1000.091, "Mean": 500.0455, "Variance": 250044501.98025, "Standard Deviation": 500.0445}, "Overall time for all features": {"Time Taken": 5000.360000000001}}