{"Base": {"Occurrences": 4, "Overall Time": 2000.147, "Mean": 500.03675, "Variance": 750101253.4231875, "Standard Deviation": 866.0838605026579}, "Base,FeatureB": {"Occurrences": 1, "Overall Time": 2000.125, "Mean": 2000.125, "Variance": 0.0, "Standard Deviation": 0.0}, "Base,FeatureC": {"Occurrences": 2, "Overall Time": 1000.133, "Mean": 500.0665, "Variance": 250065504.29025, "Standard Deviation": 500.0655}, "Overall time for all features": {"Time Taken": 5000.405}}