{"Base": {"Occurrences": 4, "Overall Time": 2000.142, "Mean": 500.0355, "Variance": 750098503.23825, "Standard Deviation": 866.0822727883593}, "Base,FeatureB": {"Occurrences": 1, "Overall Time": 2000.096, "Mean": 2000.096, "Variance": 0.0, "Standard Deviation": 0.0}, "Base,FeatureC": {"Occurrences": 2, "Overall Time": 1000.122, "Mean": 500.061, "Variance": 250061003.721, "Standard Deviation": 500.061}, "Overall time for all features": {"Time Taken": 5000.360000000001}}