{"Base": {"Occurrences": 4, "Overall Time": 2000.159, "Mean": 500.03975, "Variance": 750109253.9951875, "Standard Deviation": 866.0884793109694}, "Base,FeatureB": {"Occurrences": 1, "Overall Time": 2000.133, "Mean": 2000.133, "Variance": 0.0, "Standard Deviation": 0.0}, "Base,FeatureC": {"Occurrences": 2, "Overall Time": 1000.151, "Mean": 500.0755, "Variance": 250074505.55025, "Standard Deviation": 500.0745}, "Overall time for all features": {"Time Taken": 5000.443}}