{"Base": {"Occurrences": 4, "Overall Time": 2000.11, "Mean": 500.0275, "Variance": 750077502.00625, "Standard Deviation": 866.0701484327063}, "Base,FeatureB": {"Occurrences": 1, "Overall Time": 2000.114, "Mean": 2000.114, "Variance": 0.0, "Standard Deviation": 0.0}, "Base,FeatureC": {"Occurrences": 2, "Overall Time": 1000.093, "Mean": 500.0465, "Variance": 250045502.07025, "Standard Deviation": 500.0455}, "Overall time for all features": {"Time Taken": 5000.317}}