{"Base": {"Occurrences": 3, "Overall Time": 2000.136, "Mean": 666.712, "Variance": 888995114.298, "Standard Deviation": 942.8653744294569}, "Base,FeatureA": {"Occurrences": 2, "Overall Time": 1000.108, "Mean": 500.054, "Variance": 250053002.809, "Standard Deviation": 500.053}, "Overall time for all features": {"Time Taken": 3000.2439999999997}}