{"Base": {"Occurrences": 3, "Overall Time": 2000.131, "Mean": 666.7103333333333, "Variance": 888997336.6468886, "Standard Deviation": 942.8665529367815}, "Base,FeatureA": {"Occurrences": 2, "Overall Time": 1000.093, "Mean": 500.0465, "Variance": 250045502.07025, "Standard Deviation": 500.0455}, "Overall time for all features": {"Time Taken": 3000.224}}