{"Base": {"Occurrences": 3, "Overall Time": 2000.135, "Mean": 666.7116666666666, "Variance": 889006226.0942223, "Standard Deviation": 942.8712669788079}, "Base,FeatureA": {"Occurrences": 2, "Overall Time": 1000.091, "Mean": 500.0455, "Variance": 250045502.07025, "Standard Deviation": 500.0455}, "Overall time for all features": {"Time Taken": 3000.226}}