{"Base": {"Occurrences": 3, "Overall Time": 2000.132, "Mean": 666.7106666666666, "Variance": 889004892.6735556, "Standard Deviation": 942.870559872115}, "Base,FeatureA": {"Occurrences": 2, "Overall Time": 1000.099, "Mean": 500.0495, "Variance": 250048502.35225, "Standard Deviation": 500.0485}, "Overall time for all features": {"Time Taken": 3000.231}}