{"Base": {"Occurrences": 3, "Overall Time": 2000.127, "Mean": 666.709, "Variance": 888989780.6486666, "Standard Deviation": 942.8625459995039}, "Base,FeatureA": {"Occurrences": 2, "Overall Time": 1000.107, "Mean": 500.0535, "Variance": 250052502.75625, "Standard Deviation": 500.0525}, "Overall time for all features": {"Time Taken": 3000.234}}