{"Base": {"Occurrences": 3, "Overall Time": 2000.113, "Mean": 666.7043333333334, "Variance": 888989336.1708887, "Standard Deviation": 942.8623102929126}, "Base,FeatureA": {"Occurrences": 2, "Overall Time": 1000.085, "Mean": 500.0425, "Variance": 250041501.72225, "Standard Deviation": 500.0415}, "Overall time for all features": {"Time Taken": 3000.1980000000003}}