{"Base": {"Occurrences": 86404, "Overall Time": 2652.935, "Mean": 0.030703844729410675, "Variance": 2037.4601770830377, "Standard Deviation": 1.4273962929344597}, "Base,Stdout": {"Occurrences": 14, "Overall Time": 0.009, "Mean": 0.0006428571428571429, "Variance": 0.0002295918367346939, "Standard Deviation": 0.00047915742374995496}, "Base,Filter": {"Occurrences": 1, "Overall Time": 0.001, "Mean": 0.001, "Variance": 0.0, "Standard Deviation": 0.0}, "Base,Verbosity": {"Occurrences": 7, "Overall Time": 0.003, "Mean": 0.00042857142857142855, "Variance": 0.00024489795918367346, "Standard Deviation": 0.0004948716593053934}, "Base,FlushTO_val": {"Occurrences": 4, "Overall Time": 0.011, "Mean": 0.00275, "Variance": 0.0176875, "Standard Deviation": 0.004205650960315181}, "Base,FlushTO_val,Threads_val": {"Occurrences": 5, "Overall Time": 0.035, "Mean": 0.007, "Variance": 0.144, "Standard Deviation": 0.012}, "Base,Cores,FlushTO_val,Threads_val": {"Occurrences": 3, "Overall Time": 0.0, "Mean": 0.0, "Variance": 0.0, "Standard Deviation": 0.0}, "Base,Cores,FlushTO_val": {"Occurrences": 1, "Overall Time": 0.001, "Mean": 0.001, "Variance": 0.0, "Standard Deviation": 0.0}, "Base,Cores": {"Occurrences": 1, "Overall Time": 0.0, "Mean": 0.0, "Variance": 0.0, "Standard Deviation": 0.0}, "Base,ForceOverwrite,Stdout": {"Occurrences": 6, "Overall Time": 0.678, "Mean": 0.113, "Variance": 26.146, "Standard Deviation": 0.16169724796668616}, "Base,ForceOverwrite,KeepIn,Stdout": {"Occurrences": 2, "Overall Time": 0.001, "Mean": 0.0005, "Variance": 0.00025, "Standard Deviation": 0.0005}, "Base,Threads_val": {"Occurrences": 86381, "Overall Time": 77.278, "Mean": 0.0008946180294277676, "Variance": 0.0005932289267533481, "Standard Deviation": 0.0007702135591855989}, "Base,KeepIn": {"Occurrences": 2, "Overall Time": 0.002, "Mean": 0.001, "Variance": 0.0, "Standard Deviation": 0.0}, "Overall time for all features": {"Time Taken": 2730.954}}