{"Base": {"Occurrences": 4, "Overall Time": 2000.106, "Mean": 500.0265, "Variance": 750074501.85225, "Standard Deviation": 866.0684163807442}, "Base,FeatureA": {"Occurrences": 2, "Overall Time": 1000.089, "Mean": 500.0445, "Variance": 250043501.89225, "Standard Deviation": 500.0435}, "Base,FeatureB": {"Occurrences": 2, "Overall Time": 2000.101, "Mean": 1000.0505, "Variance": 1000101002.55025, "Standard Deviation": 1000.0505}, "Base,FeatureA,FeatureB": {"Occurrences": 1, "Overall Time": 2000.105, "Mean": 2000.105, "Variance": 0.0, "Standard Deviation": 0.0}, "Overall time for all features": {"Time Taken": 7000.401}}