{"Base": {"Occurrences": 4, "Overall Time": 2000.13, "Mean": 500.0325, "Variance": 750091502.79425, "Standard Deviation": 866.0782313360901}, "Base,FeatureA": {"Occurrences": 2, "Overall Time": 1000.097, "Mean": 500.0485, "Variance": 250047502.25625, "Standard Deviation": 500.0475}, "Base,FeatureB": {"Occurrences": 2, "Overall Time": 2000.108, "Mean": 1000.054, "Variance": 1000106002.809, "Standard Deviation": 1000.053}, "Base,FeatureA,FeatureB": {"Occurrences": 1, "Overall Time": 2000.111, "Mean": 2000.111, "Variance": 0.0, "Standard Deviation": 0.0}, "Overall time for all features": {"Time Taken": 7000.446}}