{"Base": {"Occurrences": 4, "Overall Time": 2000.103, "Mean": 500.02575, "Variance": 750073251.7896875, "Standard Deviation": 866.0676946923303}, "Base,FeatureA": {"Occurrences": 2, "Overall Time": 1000.079, "Mean": 500.0395, "Variance": 250038501.48225, "Standard Deviation": 500.0385}, "Base,FeatureB": {"Occurrences": 2, "Overall Time": 2000.092, "Mean": 1000.046, "Variance": 1000088001.936, "Standard Deviation": 1000.044}, "Base,FeatureA,FeatureB": {"Occurrences": 1, "Overall Time": 2000.098, "Mean": 2000.098, "Variance": 0.0, "Standard Deviation": 0.0}, "Overall time for all features": {"Time Taken": 7000.371999999999}}