{"Base": {"Occurrences": 4, "Overall Time": 2000.133, "Mean": 500.03325, "Variance": 750093752.9356875, "Standard Deviation": 866.0795303756391}, "Base,FeatureA": {"Occurrences": 2, "Overall Time": 1000.103, "Mean": 500.0515, "Variance": 250050502.55025, "Standard Deviation": 500.0505}, "Base,FeatureB": {"Occurrences": 2, "Overall Time": 2000.108, "Mean": 1000.054, "Variance": 1000104002.704, "Standard Deviation": 1000.052}, "Base,FeatureA,FeatureB": {"Occurrences": 1, "Overall Time": 2000.119, "Mean": 2000.119, "Variance": 0.0, "Standard Deviation": 0.0}, "Overall time for all features": {"Time Taken": 7000.463}}