{"Base": {"Occurrences": 4, "Overall Time": 2000.137, "Mean": 500.03425, "Variance": 750089752.7016875, "Standard Deviation": 866.0772209807203}, "Base,FeatureA": {"Occurrences": 2, "Overall Time": 1000.098, "Mean": 500.049, "Variance": 250048002.304, "Standard Deviation": 500.048}, "Base,FeatureB": {"Occurrences": 2, "Overall Time": 2000.108, "Mean": 1000.054, "Variance": 1000104002.704, "Standard Deviation": 1000.052}, "Base,FeatureA,FeatureB": {"Occurrences": 1, "Overall Time": 2000.111, "Mean": 2000.111, "Variance": 0.0, "Standard Deviation": 0.0}, "Overall time for all features": {"Time Taken": 7000.454}}