{"Base": {"Occurrences": 3, "Overall Time": 2000.12, "Mean": 666.7066666666666, "Variance": 888995558.7555556, "Standard Deviation": 942.8656101245583}, "Base,FeatureA": {"Occurrences": 2, "Overall Time": 1000.09, "Mean": 500.045, "Variance": 250044001.936, "Standard Deviation": 500.044}, "Overall time for all features": {"Time Taken": 3000.21}}