{"Base": {"Occurrences": 6, "Overall Time": 7000.375, "Mean": 1166.7291666666667, "Variance": 805616057.3974721, "Standard Deviation": 897.5611719529049}, "Base,FeatureA": {"Occurrences": 3, "Overall Time": 0.001, "Mean": 0.0003333333333333333, "Variance": 0.00022222222222222223, "Standard Deviation": 0.0004714045207910317}, "Base,FeatureB": {"Occurrences": 1, "Overall Time": 0.0, "Mean": 0.0, "Variance": 0.0, "Standard Deviation": 0.0}, "Base,FeatureC": {"Occurrences": 2, "Overall Time": 0.003, "Mean": 0.0015, "Variance": 0.00025, "Standard Deviation": 0.0005}, "Base,FeatureA,FeatureB": {"Occurrences": 1, "Overall Time": 0.001, "Mean": 0.001, "Variance": 0.0, "Standard Deviation": 0.0}, "Overall time for all features": {"Time Taken": 7000.38}}