{"Base": {"Occurrences": 86404, "Overall Time": 6932.154, "Mean": 0.08022954955789083, "Variance": 109792.26349936472, "Standard Deviation": 10.478180352492732}, "Base,Stdout": {"Occurrences": 14, "Overall Time": 0.006, "Mean": 0.00042857142857142855, "Variance": 0.00024489795918367346, "Standard Deviation": 0.0004948716593053934}, "Base,Filter": {"Occurrences": 1, "Overall Time": 0.0, "Mean": 0.0, "Variance": 0.0, "Standard Deviation": 0.0}, "Base,Verbosity": {"Occurrences": 7, "Overall Time": 0.002, "Mean": 0.0002857142857142857, "Variance": 0.00020408163265306126, "Standard Deviation": 0.00045175395145262567}, "Base,FlushTO_val": {"Occurrences": 4, "Overall Time": 0.006, "Mean": 0.0015, "Variance": 0.00675, "Standard Deviation": 0.002598076211353316}, "Base,FlushTO_val,Threads_val": {"Occurrences": 5, "Overall Time": 0.033, "Mean": 0.0066, "Variance": 0.14903999999999995, "Standard Deviation": 0.012208193969625481}, "Base,Cores,FlushTO_val,Threads_val": {"Occurrences": 3, "Overall Time": 0.001, "Mean": 0.0003333333333333333, "Variance": 0.00022222222222222223, "Standard Deviation": 0.0004714045207910317}, "Base,Cores,FlushTO_val": {"Occurrences": 1, "Overall Time": 0.001, "Mean": 0.001, "Variance": 0.0, "Standard Deviation": 0.0}, "Base,Cores": {"Occurrences": 1, "Overall Time": 0.001, "Mean": 0.001, "Variance": 0.0, "Standard Deviation": 0.0}, "Base,ForceOverwrite,Stdout": {"Occurrences": 6, "Overall Time": 0.635, "Mean": 0.10583333333333333, "Variance": 22.986472222222222, "Standard Deviation": 0.1516129025585297}, "Base,ForceOverwrite,KeepIn,Stdout": {"Occurrences": 2, "Overall Time": 0.002, "Mean": 0.001, "Variance": 0.0, "Standard Deviation": 0.0}, "Base,Threads_val": {"Occurrences": 86381, "Overall Time": 70.328, "Mean": 0.0008141605214109584, "Variance": 0.0006814428965884874, "Standard Deviation": 0.0008254955460742882}, "Base,KeepIn": {"Occurrences": 2, "Overall Time": 0.002, "Mean": 0.001, "Variance": 0.0, "Standard Deviation": 0.0}, "Overall time for all features": {"Time Taken": 7003.171000000004}}