{"Base": {"Occurrences": 86404, "Overall Time": 6904.283, "Mean": 0.07990698347298736, "Variance": 109076.5646152195, "Standard Deviation": 10.443972645273421}, "Base,Stdout": {"Occurrences": 14, "Overall Time": 0.013, "Mean": 0.0009285714285714286, "Variance": 0.0004948979591836735, "Standard Deviation": 0.0007034898429854361}, "Base,Filter": {"Occurrences": 1, "Overall Time": 0.0, "Mean": 0.0, "Variance": 0.0, "Standard Deviation": 0.0}, "Base,Verbosity": {"Occurrences": 7, "Overall Time": 0.004, "Mean": 0.0005714285714285714, "Variance": 0.00024489795918367346, "Standard Deviation": 0.0004948716593053935}, "Base,FlushTO_val": {"Occurrences": 4, "Overall Time": 0.008, "Mean": 0.002, "Variance": 0.0085, "Standard Deviation": 0.0029154759474226506}, "Base,FlushTO_val,Threads_val": {"Occurrences": 5, "Overall Time": 0.03, "Mean": 0.006, "Variance": 0.13240000000000002, "Standard Deviation": 0.011506519890914021}, "Base,Cores,FlushTO_val,Threads_val": {"Occurrences": 3, "Overall Time": 0.002, "Mean": 0.0006666666666666666, "Variance": 0.00022222222222222223, "Standard Deviation": 0.0004714045207910317}, "Base,Cores,FlushTO_val": {"Occurrences": 1, "Overall Time": 0.0, "Mean": 0.0, "Variance": 0.0, "Standard Deviation": 0.0}, "Base,Cores": {"Occurrences": 1, "Overall Time": 0.001, "Mean": 0.001, "Variance": 0.0, "Standard Deviation": 0.0}, "Base,ForceOverwrite,Stdout": {"Occurrences": 6, "Overall Time": 0.673, "Mean": 0.11216666666666666, "Variance": 26.68147222222222, "Standard Deviation": 0.16334464246562302}, "Base,ForceOverwrite,KeepIn,Stdout": {"Occurrences": 2, "Overall Time": 0.001, "Mean": 0.0005, "Variance": 0.00025, "Standard Deviation": 0.0005}, "Base,Threads_val": {"Occurrences": 86381, "Overall Time": 83.131, "Mean": 0.0009623759854597655, "Variance": 0.9154415869456562, "Standard Deviation": 0.030256265251112142}, "Base,KeepIn": {"Occurrences": 2, "Overall Time": 0.001, "Mean": 0.0005, "Variance": 0.00025, "Standard Deviation": 0.0005}, "Overall time for all features": {"Time Taken": 6988.147000000001}}